FMID,MarketName,Website,Facebook,street,city,County,State,zip,Season1Date,Season1Time,x,y,Location,Credit,Organic,Bakedgoods,Cheese,Crafts,Flowers,Eggs,Seafood,Herbs,Vegetables,Honey,Jams,Maple,Meat,Nursery,Nuts,Plants,Poultry,Prepared,Soap,Trees,Wine,Coffee,Beans,Fruits,Grains,Juices,Mushrooms,PetFood,Tofu,WildHarvested
1004598,Abbotsford Farmers Market,,,1011 East Spruce St.,Abbotsford,Clark,Wisconsin,54405,May to October,Tue:1:30 PM - 5:30 PM;,-90.307145,44.945665,Private business parking lot,N,-,Y,N,Y,Y,N,N,Y,Y,Y,Y,Y,N,Y,N,Y,N,N,N,Y,N,N,N,N,N,N,N,N,N,N
1007217,Algoma Farm Market,,,SECOND ST. & CLARK STREET,Algoma,Kewaunee,Wisconsin,,,,-87.4363,44.6077,,N,-,N,N,N,N,N,N,N,N,N,N,N,N,N,N,N,N,N,N,N,N,N,N,N,N,N,N,N,N,N
1005188,Amery Farmers Market,,,Sooline Park,Amery,Polk,Wisconsin,54001,June to October,Mon:3:00 pm - 6:00 pm;,-92.3624,45.3072,Private business parking lot,N,-,Y,Y,N,Y,N,N,Y,Y,Y,Y,Y,Y,N,N,Y,N,N,Y,N,N,N,N,N,N,N,N,N,N,N
1004557,"Antigo Farmers Market, Inc.",http://www.antigomarket.com,https://www.facebook.com/AntigoFarmersMarketInc,700 Superior St,Antigo,Langlade,Wisconsin,54409,06/06/2015 to 10/03/2015,Sat: 8:00 AM-12:00 PM;,-89.15228,45.14188,,Y,N,N,N,Y,Y,Y,Y,Y,Y,Y,Y,Y,N,N,N,Y,N,N,Y,N,N,N,N,Y,N,N,N,N,N,N
1000431,Appleton Downtown Farm Market,http://www.appletondowntown.org,www.facebook.com/downtownappletonfarmmarket,100 College Avenue,Appleton,Outagamie,Wisconsin,54911,06/18/2016 to 10/29/2016,Sat: 8:00 AM-12:30 PM;,-88.40703,44.26201,,Y,Y,Y,Y,Y,Y,Y,Y,Y,Y,Y,Y,Y,Y,N,Y,Y,Y,Y,Y,N,N,N,N,Y,N,N,Y,N,N,N
1005158,Ashland Area Farmers Market,http://www.ashlandareafarmersmarket.com/,,200th Block Chapple Ave,Ashland,Ashland,Wisconsin,54846,06/06/2015 to 10/10/2015,Sat: 8:00 AM-12:00 PM;,-90.8907,46.5882,,Y,-,N,N,Y,Y,Y,N,Y,N,Y,Y,Y,Y,N,N,Y,Y,N,Y,N,N,N,N,Y,N,N,Y,N,N,Y
1018417,Baldwin's Main St. Farmers Market,http://www.villageofbaldwin.com/index.aspx?nid=186,https://www.facebook.com/BaldwinsMainStFarmersMarket/,Main St. and 6th Ave.,Baldwin,St. Croix,Wisconsin,54002,06/03/2017 to 10/14/2017,Sat: 9:00 AM-1:00 PM;,-92.370771,44.966946,,Y,N,N,N,N,Y,Y,N,Y,Y,Y,Y,Y,Y,N,N,Y,N,N,Y,N,N,N,N,Y,N,N,Y,N,N,N
1003814,Balsam Lake Farmers Market,,,Pine Park,Balsam Lake,Polk,Wisconsin,54810,,,-92.4571,45.4511,,N,-,N,N,N,N,N,N,N,N,N,N,N,N,N,N,N,N,N,N,N,N,N,N,N,N,N,N,N,N,N
1018168,Barker's Island Farmers Market,,Barker's Island Farmers' Market,Hwy 2/53 & Marina Dr.,Superior ,Douglas,Wisconsin,54880,05/20/2017 to 10/28/2017,Sat: 9:00 AM-12:00 PM;,-92.068366,46.7223031,,Y,-,Y,N,Y,Y,Y,N,Y,Y,Y,Y,Y,Y,N,N,Y,Y,Y,Y,Y,N,Y,N,Y,N,Y,Y,N,N,N
1003728,Bayfield Lion's Club Farmers Market,,,,Bayfield,,Wisconsin,54814,,,-91.0592,46.4337,,N,-,N,N,N,N,N,N,N,N,N,N,N,N,N,N,N,N,N,N,N,N,N,N,N,N,N,N,N,N,N
1011942,Berlin Farmers & Artists Market,http://berlinwi.wix.com/market,https://www.facebook.com/Berlin.WI.FarmersMarket/,N State Street and E Huron St,Berlin ,Green Lake,Wisconsin,54923,06/07/2016 to 08/30/2016,Tue: 4:00 PM-7:30 PM;,-88.942278,43.968876,,Y,-,N,Y,Y,Y,N,N,N,Y,N,Y,N,N,N,N,N,N,Y,Y,N,N,N,N,Y,N,N,N,N,Y,N
1010440,Black River Falls Community Farmers' Market,http://www.scholzeace.com/farmersmarket,blackriverfallscommunityfarmersmarket,133 County Road A,Black River Falls ,Jackson,Wisconsin,54615,05/24/2014 to 10/25/2014,Tue: 2:00 PM-6:00 PM;Sat: 9:00 AM-1:00 PM;,-90.846481,44.305681,Private business parking lot,Y,Y,Y,N,N,Y,N,N,Y,Y,Y,N,Y,N,N,N,N,N,N,N,N,N,N,N,Y,N,N,N,N,N,N
1010442,Black River Falls Downtown Farmer's Market,,,3rd Street between Main and Filmore,Black River Falls ,Jackson,Wisconsin,54615,06/05/2014 to 09/25/2014,Thu: 4:00 PM-6:00 PM;,-90.850406,44.294552,Closed-off public street,N,-,Y,N,N,Y,N,N,Y,Y,Y,Y,Y,N,N,N,N,N,N,N,N,N,N,N,Y,N,N,N,Y,N,N
1011061,Boscobel Farmers Market,,Boscobel Farmers Market,800 Wisconsin Ave,Boscobel ,Grant,Wisconsin,53805,05/09/2015 to 10/17/2015,Sat: 8:00 AM-12:00 PM;,-90.707006,43.135848,,Y,-,Y,N,Y,Y,N,N,Y,Y,Y,Y,Y,N,N,N,N,N,Y,N,N,N,Y,N,Y,N,N,N,N,N,Y
1007207,Bridgeview La Crosse Farmers Wednesday Market,,,2500 Rose St NEXT TO BRIDGEVIEW PLAZA SHOPPING CENTER,La Crosse,La Crosse,Wisconsin,54603,,,-91.2436,43.8574,,N,-,N,N,N,N,N,N,N,N,N,N,N,N,N,N,N,N,N,N,N,N,N,N,N,N,N,N,N,N,N
1003717,Brillion Farmers Market,,,HuB Shopping Center Parking Lot,Brillion,Calumet,Wisconsin,54110,,,-88.0688,44.1794,,N,-,N,N,N,N,N,N,N,N,N,N,N,N,N,N,N,N,N,N,N,N,N,N,N,N,N,N,N,N,N
1004480,Bristol Farmers Market,http://www.FreeWebs.com/BristolFarmersMarket,,83rd Street,Bristol,Kenosha,Wisconsin,53104,June to October,Wed:2:00 pm - 6:00 pm;,-88.0431,42.5576,Local government building grounds,N,-,Y,Y,Y,Y,N,N,Y,Y,Y,Y,N,N,N,N,Y,N,N,Y,N,N,N,N,N,N,N,N,N,N,N
1001097,Brookfield Farmers Market,http://www.brookfieldfarmersmarket.com,www.facebook.com/BrookfieldWIfarmersmarket ,2000 North Calhoun Road,Brookfield,Waukesha,Wisconsin,53005,05/07/2016 to 10/29/2016,Sat: 7:30 AM-12:00 PM;,-88.125619,43.05782,,Y,Y,Y,Y,Y,Y,Y,Y,Y,Y,Y,Y,Y,Y,N,Y,Y,Y,Y,Y,Y,N,Y,Y,Y,Y,Y,Y,Y,N,N
1000775,Brooklyn Farmers Market,,,Brooklyn Community Building,Brooklyn,Dane,Wisconsin,53521,,,-89.369,42.8523,,N,-,N,N,N,N,N,N,N,N,N,N,N,N,N,N,N,N,N,N,N,N,N,N,N,N,N,N,N,N,N
1018135,Brown Deer Farmers Market,http://www.browndeerfarmersmarket.org,www.facebook.com/BrownDeerFarmersMarket,9078 N. Green Bay Road,Brown Deer,Milwaukee,Wisconsin,53209,06/14/2017 to 10/25/2017,Wed: 9:00 AM-6:00 PM;,-87.961917,43.181435,,Y,Y,Y,N,Y,Y,Y,Y,Y,Y,Y,Y,Y,Y,N,N,Y,Y,Y,Y,N,N,Y,N,Y,N,N,N,N,N,N
1017968,Bruce Community Farmers Market,,Bruce Community Farmers Market,Corner of Hwy 8 and N Alvey Street,Bruce,Rusk,Wisconsin,54819,06/02/2017 to 10/27/2017,Fri: 1:00 PM-5:00 PM;,-91.2746971,45.4551101,,Y,N,Y,Y,N,Y,Y,N,Y,Y,Y,Y,Y,Y,N,N,N,Y,Y,Y,N,N,N,N,Y,N,N,N,N,N,Y
1008964,Burnett County Farmers' Markets - Alpha,,https://www.facebook.com/pages/Burnett-County-Farmers-Markets,11631 State Road 70 / Grantsburg,Grantsburg,Burnett,Wisconsin,54840,06/11/2015 to 10/29/2015,Thu: 3:00 PM-5:00 PM;,-92.542771,45.772635,,Y,N,Y,N,Y,N,N,N,Y,Y,Y,Y,Y,N,N,N,N,N,N,N,N,N,N,N,Y,N,N,Y,N,N,N
1012716,Burnett County Farmers' Markets - Grantsburg - Burnett Medical Center,,https://www.facebook.com/Burnett-County-Farmers-Markets-250874305027758/, 257 W St George Ave,Grantsburg,Burnett,Wisconsin,54840,06/24/2016 to 10/28/2016,Sat: 2:00 PM-4:00 PM;,-92.686157,45.774153,,Y,N,Y,N,Y,N,N,N,Y,Y,Y,Y,Y,Y,N,N,Y,N,Y,Y,N,N,N,N,Y,N,N,Y,N,N,N
1008967,Burnett County Farmers' Markets - Grantsburg - Library,,https://www.facebook.com/Burnett-County-Farmers-Markets-250874305027758/,415 South Robert Street,Grantsburg,Burnett,Wisconsin,54840,06/27/2016 to 10/31/2016,Mon: 12:00 PM-2:00 PM;,-92.680232,45.776365,,Y,N,Y,N,Y,Y,Y,N,Y,Y,Y,Y,Y,N,N,N,N,N,N,N,N,N,N,N,Y,N,N,Y,N,N,N
1008969,Burnett County Farmers' Markets - Siren,,https://www.facebook.com/Burnett-County-Farmers-Markets-250874305027758/,23943 State Road 35,Siren,Burnett,Wisconsin,54872,05/28/2016 to 11/05/2016,Sat: 1:00 PM-3:00 PM;,-92.381705,45.783712,,Y,Y,Y,N,Y,Y,N,N,Y,Y,Y,Y,Y,N,N,N,Y,Y,Y,Y,N,N,N,N,Y,N,N,Y,N,N,Y
1005485,Butler Farmers Market,http://www.ButlerFarmersMarket.com,,12700 W Hampton Ave,Butler,Waukesha,Wisconsin,53007,06/02/2014 to 10/20/2014,Mon: 11:00 AM-3:00 PM;,-88.069654,43.104857,Private business parking lot,N,-,Y,N,N,N,Y,N,Y,Y,Y,Y,N,N,N,Y,Y,N,Y,N,N,N,N,N,Y,N,N,N,N,N,N
1001631,Cambria Farmers Market,,,Edgewater Street,Cambria,Columbia,Wisconsin,53923,June to September,Tue:4:00 PM - 7:00 PM;,-89.103246,43.5432324,Other,N,-,Y,N,N,Y,N,N,Y,Y,Y,N,N,N,Y,N,Y,Y,N,N,N,N,N,N,N,N,N,N,N,N,N
1010107,Cambridge Open Air Market,http://www.cambridgewi.com,https://www.facebook.com/pages/Cambridge-Farmers-Market/256457801041850?ref=hl,100 East Main Street,Cambridge,Dane,Wisconsin,53523,06/03/2016 to 09/30/2016,Fri: 2:00 PM-6:00 PM;,-89.01634,43.004004,,Y,-,N,N,Y,Y,N,N,Y,Y,Y,Y,N,Y,N,N,Y,Y,N,Y,N,N,Y,N,Y,N,N,N,N,N,N
1018502,Cameron Park Farmers Market,http://cameronparkmarket.org/,https://www.facebook.com/cameronparkfarmersmarket/,"King Street, between 4th St and 5th Ave",La Crosse,La Crosse,Wisconsin,54601,05/05/2017 to 10/28/2017,Fri: 4:00 PM-8:00 PM;,-91.233344,43.807526,,Y,Y,Y,Y,Y,Y,Y,Y,Y,Y,Y,Y,Y,Y,N,N,Y,Y,Y,Y,N,N,Y,N,Y,N,Y,Y,N,N,Y
1004700,Capitol View Farmers Market,http://www.capitolviewfarmersmarket.com,https://www.facebook.com/pages/Capitol-View-Farmers-Market/204572939582186,5901 Sharpsburg Drive,Madison,Dane,Wisconsin,53718,06/01/2016 to 10/12/2016,Wed: 3:00 PM-7:00 PM;,-89.279478,43.085699,,Y,N,Y,Y,N,Y,Y,N,Y,Y,N,Y,N,Y,N,N,Y,Y,Y,N,N,N,Y,N,Y,N,N,N,N,N,N
1004317,Cassville Farmers Market,,,Riverside Park,Cassville,Grant,Wisconsin,53806,,,-90.986,42.7262,,N,-,N,N,N,N,N,N,N,N,N,N,N,N,N,N,N,N,N,N,N,N,N,N,N,N,N,N,N,N,N
1007210,Catawba Farmers Market,,,W9241 Highway 8,Catawba,Price,Wisconsin,54515,,,-90.4864,45.5389,,N,-,N,N,N,N,N,N,N,N,N,N,N,N,N,N,N,N,N,N,N,N,N,N,N,N,N,N,N,N,N
1007208,Cedarburg Farmers Market,,,Cedarburg Cultural Center,Cedarburg,Ozaukee,Wisconsin,53012,,,-87.987,43.2955,,N,-,N,N,N,N,N,N,N,N,N,N,N,N,N,N,N,N,N,N,N,N,N,N,N,N,N,N,N,N,N
1002160,Chilton Farmers Market,,,1041 E. Chestnut St,Chilton,Calumet,Wisconsin,53014,June to October,Fri:12:00 PM - 5:00 PM;,-88.15492,44.021144,Private business parking lot,N,-,N,N,Y,Y,N,N,Y,Y,N,N,N,N,N,N,Y,N,N,Y,N,N,N,N,N,N,N,N,N,N,N
1008409,Chippewa Falls Farmers Market,http://www.chippewafallsmainst.org/Farmers_Market.html,,53 E. Central St.,Chippewa Falls,Chippewa,Wisconsin,54729,06/06/2013 to 10/17/2013,Thu: 12:00 PM-5:30 PM;,-91.3906376,44.9373812,Other,N,-,Y,Y,Y,Y,N,N,Y,Y,N,Y,N,Y,N,N,N,Y,Y,Y,N,N,N,N,Y,N,N,N,N,N,N
1007218,City Hall Farmers Market,,,730 Washington Ave,Racine,Racine,Wisconsin,,,,-87.7898,42.7257,,N,-,N,N,N,N,N,N,N,N,N,N,N,N,N,N,N,N,N,N,N,N,N,N,N,N,N,N,N,N,N
1004282,Clayton Farmers Market,,,,Clayton,Polk,Wisconsin,54004,,,-91.1028,42.9064,,N,-,N,N,N,N,N,N,N,N,N,N,N,N,N,N,N,N,N,N,N,N,N,N,N,N,N,N,N,N,N
1003957,Cobb Market,,,101 N Wilson Street,Cobb,Iowa,Wisconsin,,,,-90.3328,42.9674,,N,-,N,N,N,N,N,N,N,N,N,N,N,N,N,N,N,N,N,N,N,N,N,N,N,N,N,N,N,N,N
1005830,Columbus Downtown Farmer's Market,,,105 N. Dickason Blvd,Columbus,Columbia,Wisconsin,53925,June to October,,-89.0147,43.3389,Private business parking lot,N,Y,Y,N,N,Y,N,N,Y,Y,Y,N,N,Y,N,N,Y,N,Y,Y,N,N,N,N,N,N,N,N,N,N,N
1003462,Cornucopia Farmers Market,,,Town Beach Park,Cornucopia,Bayfield,Wisconsin,,,,-91.1014,46.8578,,N,-,N,N,N,N,N,N,N,N,N,N,N,N,N,N,N,N,N,N,N,N,N,N,N,N,N,N,N,N,N
1000368,Country Lane Farmers Market,,,1642 16th St,Barron,Barron,Wisconsin,54812,06/19/2014 to 10/02/2014,Thu: 2:00 PM-8:00 PM;,-91.828516,45.443768,Other,Y,Y,Y,Y,Y,Y,Y,Y,Y,Y,Y,Y,Y,Y,N,N,Y,Y,Y,Y,Y,N,N,N,Y,Y,N,N,N,N,N
1011771,Cross Plains Farmers Market,,https://www.facebook.com/Cross-Plains-Parkway-Farmers-Market-1591408087770075/,Glacier's Edge Square,Cross Plains,Dane,Wisconsin,53528,06/07/2017 to 08/30/2017,Wed: 4:00 PM-7:00 PM;,-89.641947,43.111545,,Y,-,Y,N,N,Y,Y,N,Y,Y,Y,Y,Y,Y,N,N,Y,N,Y,Y,N,N,N,N,Y,N,N,N,N,N,N
1007201,Cudahy Farmers Market,,,4700 South Packard Avenues (Municipal parking lot),Cudahy,Milwaukee,Wisconsin,53110,,,-87.9163,43.0376,,N,-,N,N,N,N,N,N,N,N,N,N,N,N,N,N,N,N,N,N,N,N,N,N,N,N,N,N,N,N,N
1002821,Cumberland Farmers Market,http://www.cumberland-wisconsin.com,,,Cumberland,Barron,Wisconsin,54829,07/26/2014 to 09/27/2014,Sat: 8:00 AM-12:00 PM;,-92.022534,45.533691,Private business parking lot,N,-,Y,Y,N,Y,N,N,Y,Y,Y,Y,Y,N,N,N,Y,N,Y,Y,N,N,N,N,Y,N,N,N,N,N,N
1002514,Dallas Farmers' Market,,,236 West Dallas Street,Dallas,Barron,Wisconsin,54733,07/05/2013 to 09/27/2013,Fri: 4:00 PM-8:00 PM;,-91.817679,45.258833,Other,N,-,N,N,Y,Y,N,N,Y,Y,N,N,N,N,N,N,N,N,N,N,N,Y,N,N,Y,N,N,N,N,N,N
1005176,Dane County Farmers Market - Holiday Market,http://www.dcfm.org,,One John Nolen Drive,Madison,Dane,Wisconsin,53703,11/19/2016 to 12/31/2016,Sat: 7:30 AM-12:00 PM;,-89.38027,43.071445,,Y,Y,Y,Y,N,N,Y,Y,Y,Y,Y,Y,Y,Y,N,Y,N,Y,N,Y,N,N,N,Y,Y,Y,Y,Y,Y,N,Y
1005177,Dane County Farmers Market - Wednesday Market,http://www.dcfm.org,,"200 block of Martin Luther King, Jr. Blvd",Madison,Dane,Wisconsin,53703,04/20/2016 to 11/09/2016,Wed: 8:30 AM-2:00 PM;,-89.381847,43.072775,,Y,Y,Y,Y,N,Y,Y,Y,Y,Y,Y,Y,Y,Y,N,Y,Y,Y,N,N,Y,N,N,Y,Y,Y,Y,Y,N,N,Y
1005175,Dane County Farmers Market - Winter Market,,https://www.facebook.com/StBMarket,330 W. Mifflin St.,Madison,Dane,Wisconsin,53703,01/07/2017 to 04/15/2017,Sat: 7:30 AM-12:00 PM;,-89.3895617,43.0731321,,Y,Y,Y,Y,N,Y,Y,Y,Y,Y,Y,Y,Y,Y,N,Y,N,Y,N,Y,N,N,N,Y,Y,Y,Y,Y,Y,N,Y
1005178,Dane County Farmers Market I,http://www.dcfm.org,https://www.facebook.com/DaneCoFM/,"Capitol Square, Downtown",Madison,Dane,Wisconsin,53701,04/16/2016 to 11/12/2016,Sat: 6:30 AM-2:00 PM;,-89.384251,43.074625,,Y,Y,Y,Y,N,Y,Y,Y,Y,Y,Y,Y,Y,Y,N,Y,Y,Y,N,Y,Y,N,N,Y,Y,Y,Y,Y,Y,N,Y
1012505,Darlington Farmers Market,,,Main Street,Darlington 53530,Lafayette,Wisconsin,,05/01/2016 to 10/01/2016,Sat: 8:00 AM-12:00 PM;,-90.12073,42.681899,,Y,-,Y,N,Y,Y,Y,N,N,Y,Y,N,Y,N,N,N,Y,N,N,N,N,N,N,N,Y,N,N,N,N,N,N
1007204,De Pere Farmer Market,,,144 N Wisconsin St,De Pere,Brown,Wisconsin,54115,,,-88.0592,44.4496,,N,-,N,N,N,N,N,N,N,N,N,N,N,N,N,N,N,N,N,N,N,N,N,N,N,N,N,N,N,N,N
1012296,DeForest Area Farmers' Market,http://www.vi.deforest.wi.us/index.asp?Type=B_BASIC&SEC={38A90127-1135-4F1B-99D2-5AC8EE5AF484},https://www.facebook.com/DeFoFarmersMarket/,Jefferson Street and Stevenson Street,DeForest,Dane,Wisconsin,53532,05/24/2016 to 10/26/2016,Tue: 3:00 PM-6:00 PM;,-89.338933,43.245438,,Y,Y,Y,Y,Y,Y,Y,N,Y,Y,Y,Y,Y,Y,N,N,Y,Y,Y,Y,Y,N,N,N,Y,N,N,Y,N,N,N
1006343,Delafield Farmes Market,,,Waukesha County City parking lot on Main Street,Delafield,Waukesha,Wisconsin,53183,,,-88.4026,43.0632,,N,-,N,N,N,N,N,N,N,N,N,N,N,N,N,N,N,N,N,N,N,N,N,N,N,N,N,N,N,N,N
1005210,Delavan Fresh Market,,https://www.facebook.com/pages/Delavan-Fresh-Market/137861759574760?ref=hl,Walworth Avenue,Delavan,Walworth,Wisconsin,53115,06/05/2014 to 09/25/2014,Thu: 3:00 PM-6:00 PM;,-88.647738,42.633169,Local government building grounds,Y,Y,N,N,N,Y,Y,N,N,Y,Y,Y,N,N,N,N,Y,N,Y,N,N,N,N,N,Y,N,N,N,N,N,N
1007219,DePere Market at Festival Foods,,,1001 Main Ave,De Pere,Brown,Wisconsin,,,,-88.0872,44.4501,,N,-,N,N,N,N,N,N,N,N,N,N,N,N,N,N,N,N,N,N,N,N,N,N,N,N,N,N,N,N,N
1018177,Dodgeville Farmers Market,,,327 N Iowa St,Dodgeville ,Iowa,Wisconsin,,05/01/2017 to 11/01/2017,Sat: 8:00 AM-11:00 AM;,-90.129889,42.962395,,Y,N,N,N,Y,Y,Y,N,Y,Y,Y,Y,N,N,N,N,Y,N,Y,N,Y,N,N,Y,Y,N,N,N,N,N,Y
1003046,Dousman Farmers Market,http://www.dousmanchamber.org/farmers_market.html,https://www.facebook.com/DousmanFarmersMarket,Hwy 18 & 67,Dousman,Waukesha,Wisconsin,53118,05/01/2015 to 10/21/2015,Wed: 2:00 PM-6:00 PM;,-88.4624156,43.0224474,,Y,-,Y,Y,Y,Y,N,N,Y,Y,Y,Y,Y,Y,N,N,Y,N,N,Y,Y,N,N,N,Y,N,N,N,N,N,N
1000432,Downtown Appleton Indoor Winter Farm Market,http://www.appletondowntown.org,https://www.facebook.com/downtownappletonfarmmarket,"100 College Avenue, City Center Plaza",Appleton,Outagamie,Wisconsin,54911,11/01/2016 to 05/27/2017,Sat: 9:00 AM-12:30 PM;,-88.4060597,44.2624663,,Y,N,Y,Y,Y,N,Y,Y,Y,Y,Y,Y,Y,Y,N,Y,Y,Y,Y,Y,N,N,N,N,Y,N,N,Y,N,N,N
1003643,Downtown Beloit Farmer's Market,http://www.downtownbeloit.com,https://www.facebook.com/BeloitFarmersMarket?ref=hl,"300 block of State Street, 400 block of East Grand Avenue, Gantry parking lot",Beloit,Rock,Wisconsin,53511,05/07/2016 to 10/29/2016,Sat: 8:00 AM-1:00 PM;,-89.035534,42.499658,,Y,Y,Y,Y,Y,Y,Y,Y,Y,Y,Y,Y,Y,Y,N,Y,Y,Y,Y,Y,Y,Y,Y,Y,Y,Y,Y,Y,Y,N,Y
1000769,Downtown Burlington Farmers Market,http://www.burlingtonwifarmersmarket.com,, Washington & Pine Streets,Burlington,Racine,Wisconsin,53105,05/02/2013 to 10/31/2013,Thu: 3:00 PM-7:00 PM;,-88.276064,42.678463,Other,Y,N,Y,Y,Y,Y,Y,Y,Y,Y,Y,Y,N,Y,N,N,Y,Y,Y,Y,Y,N,N,N,Y,N,N,N,N,N,N
1005112,Downtown Columbus Farmers Market,,,222 West James St.,Columbus,Columbia,Wisconsin,53925,June to October,Wed:3:00 pm - 6:00 pm;,-89.0159,43.3396,Private business parking lot,N,-,N,N,Y,Y,N,N,Y,Y,Y,Y,N,Y,N,N,Y,N,N,Y,N,N,N,N,N,N,N,N,N,N,N
1001931,Downtown Farmers Market,,,,Eau Claire,,Wisconsin,54703,,,-91.5051,44.8018,,N,-,N,N,N,N,N,N,N,N,N,N,N,N,N,N,N,N,N,N,N,N,N,N,N,N,N,N,N,N,N
1002946,Downtown Farmers Market - Racine,,,Corner of State and Erie St.,Racine,Racine,Wisconsin,53406,,,-87.7881,42.7311,,N,-,N,N,N,N,N,N,N,N,N,N,N,N,N,N,N,N,N,N,N,N,N,N,N,N,N,N,N,N,N
1012243,Downtown Fond du Lac Farmers Market - Saturday,http://www.downtownfdl.com/farmers-market.html,https://www.facebook.com/FondDuLacFarmersMarket/,Main Street from Western Ave. to Sheboygan St.,Fond du Lac,Fond du Lac,Wisconsin,54935,05/13/2017 to 10/28/2017,Sat: 8:00 AM-12:00 PM;,-88.446973,43.775364,,Y,Y,Y,Y,Y,Y,Y,Y,Y,Y,Y,Y,Y,Y,N,N,Y,Y,Y,Y,Y,N,Y,Y,Y,Y,Y,Y,Y,N,N
1012256,Downtown Fond du Lac Farmers Market - Wednesday,http://www.downtownfdl.com/farmers-market.html,https://www.facebook.com/FondDuLacFarmersMarket/,Main Street Plaza ,Fond du Lac,Fond du Lac,Wisconsin,54935,06/01/2016 to 10/26/2016,Wed: 11:00 AM-3:00 PM;,-88.447092,43.777853,,Y,N,Y,N,Y,Y,Y,N,N,Y,Y,Y,N,Y,N,N,Y,Y,Y,N,N,N,Y,Y,Y,Y,N,N,N,N,N
1010525,Downtown Green Bay Farmers Market,http://www.downtowngreenbay.com,Downtown Green Bay,200 S. Washington St.,Green Bay,Brown,Wisconsin,54301,05/27/2017 to 10/28/2017,Sat: 7:00 AM-12:00 PM;,-88.016981,44.513104,,Y,Y,Y,Y,Y,Y,Y,Y,Y,Y,Y,Y,Y,Y,N,Y,Y,Y,Y,Y,N,N,Y,N,Y,N,Y,Y,Y,N,N
1008415,Downtown Kaukauna Farmer's Market,http://www.cityofkaukauna.com/departments/farmers-market,https://www.facebook.com/pages/Downtown-Kaukauna-Farmer-Market/157106097678954,101 Crooks Ave.,Kaukauna ,Outagamie,Wisconsin,54130,06/14/2014 to 10/18/2014,Sat: 7:30 AM-12:00 PM;,-88.2709812,44.2771746,Local government building grounds,Y,-,Y,N,Y,Y,Y,N,Y,Y,Y,Y,Y,Y,N,Y,Y,N,Y,N,Y,N,Y,N,Y,N,Y,N,Y,N,N
1001301,Downtown Middleton Farmers' Market,http://www.downtownmiddleton.com/farmers_market,,Terrace Avenue,Middleton,Dane,Wisconsin,53562,05/07/2013 to 10/15/2013,Tue: 3:00 PM-6:30 PM;,-89.516386,43.094525,Local government building grounds,Y,-,Y,Y,N,Y,Y,N,Y,Y,Y,Y,N,Y,N,N,Y,N,N,N,N,N,N,N,Y,N,N,N,N,N,N
1010301,Downtown West Bend Farmers' Market,http://www.downtownwestbend.com,https://www.facebook.com/WestBendFarmersMarket,215 N Main Street,West Bend,Washington,Wisconsin,53095,06/07/2014 to 10/25/2014,Sat: 7:30 AM-11:00 AM;,-88.183336,43.424885,Closed-off public street,Y,Y,Y,Y,N,Y,Y,Y,Y,Y,Y,Y,Y,Y,N,N,Y,Y,Y,Y,N,N,Y,Y,Y,N,N,Y,Y,N,N
1005571,Dundee Farmers & Crafters Market,,,3552 State Road 50,Dundee,Fond du Lac,Wisconsin,,,,-87.9638,43.0423,,N,-,N,N,N,N,N,N,N,N,N,N,N,N,N,N,N,N,N,N,N,N,N,N,N,N,N,N,N,N,N
1007215,Durand Farmers Market,,,High School Parking Lot,Durand,Pepin County,Wisconsin,,,,-91.9577,44.6296,,N,-,N,N,N,N,N,N,N,N,N,N,N,N,N,N,N,N,N,N,N,N,N,N,N,N,N,N,N,N,N
1007216,Durand Farmers Market - Wed,,,Downtown,Durand,Pepin County,Wisconsin,,,,-91.966,44.6265,,N,-,N,N,N,N,N,N,N,N,N,N,N,N,N,N,N,N,N,N,N,N,N,N,N,N,N,N,N,N,N
1003212,Eagle River Farmers' Market,http://www.eaglerivermainstreet.org/,https://www.facebook.com/pages/Eagle-River-Farmers-Market/422548697797272,Highway 45 North of the Bridge,Eagle River,Vilas,Wisconsin,54521,May to October,Mon:8:30 AM - 1:00 PM;Tue:8:30 AM - 1:00 PM;Wed:8:30 AM - 1:00 PM;Thu:8:30 AM - 1:00 PM;Fri:8:30 AM - 1:00 PM;Sat:8:30 AM - 1:00 PM;sun:8:30 AM - 1:00 PM;,-89.257902,45.924631,Closed-off public street,Y,Y,Y,Y,Y,Y,Y,N,Y,Y,Y,Y,Y,Y,Y,N,Y,Y,Y,Y,Y,N,N,N,N,N,N,N,N,N,N
1005757,East Town Market,http://www.easttown.com/events/east-town-market,https://www.facebook.com/EastTownMarket,520 E. Wells St.,Milwaukee,Milwaukee,Wisconsin,53202,,Sun: 9:00 AM-1:00 PM;,-87.9050517,43.0418863,,Y,-,Y,Y,Y,N,Y,N,Y,Y,Y,Y,N,N,N,N,N,N,Y,Y,N,N,Y,N,Y,N,N,N,N,N,N
1012730,Eastside Farmers' Market,http://www.eastsidefarmersmarket.org,,202 S Ingersoll Street,Madison ,Dane,Wisconsin,53703,04/19/2016 to 12/20/2016,Tue: 4:00 PM-7:00 PM;,-89.3677304,43.0832213,,Y,Y,Y,Y,N,Y,Y,N,Y,Y,Y,Y,Y,Y,N,N,Y,Y,N,N,Y,N,Y,N,Y,N,N,Y,N,N,Y
1001570,Eau Claire Downtown Farmers Market,http://www.ecdowntownfarmersmarket.com,https://www.facebook.com/EauClaireDowntownFarmersMarket,300 Riverfront Terr.,Eau Claire,Eau Claire,Wisconsin,54701,05/03/2014 to 05/31/2014,Sat: 7:30 AM-1:00 PM;,-91.504811,44.815339,Other,Y,Y,Y,Y,N,Y,Y,Y,Y,Y,Y,Y,Y,Y,N,N,Y,Y,Y,Y,N,N,Y,N,Y,Y,N,Y,Y,N,Y
1002389,Eau Claire Farmers Market - Oakwood Mall,,,Oakwood Mall parking lot,Eau Claire,Eau Claire,Wisconsin,54738,,,-91.4374,44.7756,,N,-,N,N,N,N,N,N,N,N,N,N,N,N,N,N,N,N,N,N,N,N,N,N,N,N,N,N,N,N,N
1012369,El Mercadito de Centro,http://www.micentro.org/centros-farmers-market--el-mercadito-de-centro.html,https://www.facebook.com/centro.hispano.5,810 Badger rd.,Madison ,Dane,Wisconsin,53713,06/07/2016 to 10/25/2016,Tue: 9:00 AM-1:00 PM;,-89.395424,43.038611,,Y,Y,Y,N,N,N,Y,N,Y,Y,Y,N,N,N,N,N,N,N,N,N,N,N,N,N,Y,N,N,N,N,N,N
1003303,Elk Mound Area Farmers Market,http://www.elkmound.org,,E220 Menomonie Street,Elk Mound,Dunn,Wisconsin,54739,June to September,Fri:11:00 AM - 6:00 PM;,-91.688247,44.872264,Local government building grounds,N,-,N,N,N,Y,N,N,N,Y,N,N,N,N,N,N,N,N,N,N,N,N,N,N,N,N,N,N,N,N,N
1006809,Ellsworth Farmers Market,http://www.ellsworthchamber.com/farmers-market.html,https://www.facebook.com/ellsworthchamber,Highway 10 and Wall Street,Ellsworth,Pierce,Wisconsin,54011,07/29/2014 to 09/30/2014,Tue: 3:00 PM-6:30 PM;,-92.469611,44.733559,Other,N,-,Y,Y,Y,Y,Y,N,N,Y,Y,Y,Y,N,N,N,Y,N,Y,Y,N,N,N,N,Y,N,N,N,N,N,N
1003809,Evansville Farmers Market,http://www.evansvillefarmersmarket.com,,102 Maple St.,Evansville,Rock,Wisconsin,53536,May to October,Sat:9:00 AM - 1:00 PM;,-89.2980764,42.7789873,Closed-off public street,N,-,Y,N,Y,Y,Y,N,Y,Y,Y,N,Y,N,N,N,Y,Y,N,Y,N,N,N,N,N,N,N,N,N,N,N
1000173,Farmer's Market at Piala's Nursery,http://pialasnursery.com/farmersmarket.php,,S39W27833 Genesee Rd.,Waukesha,Waukesha,Wisconsin,53189,06/06/2013 to 10/03/2013,Thu: 3:00 PM-7:00 PM;,-88.301861,42.973475,Private business parking lot,Y,-,N,N,Y,N,Y,N,Y,Y,Y,Y,N,Y,N,N,N,N,N,Y,Y,N,N,N,Y,N,N,N,N,N,N
1010148,Farmers Garden Market ,,www.facebook.com/farmersmarketgarden,36561 Main St.,Whitehall ,Trempealeau,Wisconsin,54773,08-05-2015,Fri: 3:00 PM-6:30 PM;,-91.3161554,44.37243,,Y,Y,Y,Y,Y,Y,Y,N,Y,Y,Y,Y,Y,Y,N,Y,Y,Y,Y,Y,Y,N,N,N,Y,Y,Y,Y,N,N,Y
1007402,Farmers Market of Sturtevant,,,8505 durand ave.,Sturtevant,Racine,Wisconsin,53177,,Mon: 9:00 AM-1:00 PM;,-87.8875994682312,42.6977996528149,Private business parking lot,N,Y,N,N,Y,Y,Y,N,Y,Y,Y,Y,N,N,N,N,N,N,Y,N,N,N,N,N,Y,N,N,N,N,N,N
1003635,Farmers Market of Wausau,,,400 River Drive,Wausau,Marathon,Wisconsin,54411,,,-89.63,44.9549,,N,-,N,N,N,N,N,N,N,N,N,N,N,N,N,N,N,N,N,N,N,N,N,N,N,N,N,N,N,N,N
1005486,Farmers' Market in the Bluffs,http://www.farmersmarketinthebluffs.wordpress.com,,Hwy PF & Diamond Hill Road,Larue,Sauk,Wisconsin,53951,May to October,Thu:4:00 PM - 7:00 PM;,-89.8671,43.4603,Local government building grounds,N,-,Y,N,Y,Y,N,Y,Y,Y,Y,Y,Y,N,Y,N,Y,N,Y,Y,N,N,N,N,N,N,N,N,N,N,N
1012178,Farmers' Market On Broadway,,,,Green Bay,Brown,Wisconsin,54304,06/01/2016 to 09/28/2016,Wed: 3:00 PM-8:00 PM;,-88.020684,44.518088,,Y,Y,Y,Y,Y,Y,Y,Y,Y,Y,Y,Y,Y,Y,N,Y,N,N,Y,Y,N,Y,Y,Y,Y,Y,N,Y,N,N,N
1003000,Feed Mill's Farmer's Market,,,10494 Wisconsin Avenue,Hayward,Sawyer,Wisconsin,54843,May to May,Mon:12:00 PM - 4:00 PM;,-91.485665,46.01197,Private business parking lot,Y,Y,Y,N,N,Y,N,N,Y,Y,Y,Y,Y,Y,Y,N,Y,Y,Y,Y,N,N,N,N,N,N,N,N,N,N,N
1001213,Festival Foods Farmers Market - Marshfield,http://www.wisconline.com/attractions/farmmarkets.html,,Parking lot,Marshfield,Wood,Wisconsin,54449,,,-91.211,43.8687,,N,-,N,N,N,N,N,N,N,N,N,N,N,N,N,N,N,N,N,N,N,N,N,N,N,N,N,N,N,N,N
1007239,Festival Foods Farmers Market - Sunday,http://www.festfoods.com,,3007 Mall Drive,Eau Claire,Eau Claire,Wisconsin,54701,06/01/2014 to 10/26/2014,Sun: 8:00 AM-2:00 PM;,-91.4603,44.7882,Private business parking lot,Y,Y,Y,N,Y,Y,Y,N,Y,Y,N,Y,Y,Y,N,N,Y,Y,N,Y,N,N,N,N,Y,N,N,N,Y,N,N
1003283,Festival Foods Northland Market,,,,Appleton,Outagamie,Wisconsin,54914,,,-88.455,44.2819,,N,-,N,N,N,N,N,N,N,N,N,N,N,N,N,N,N,N,N,N,N,N,N,N,N,N,N,N,N,N,N
1007200,Festival Foods Onalaska Farmers Market,,,Crossing Meadows Drive,Onalaska,La Crosse,Wisconsin,54650,,,-91.2144,43.8701,,N,-,N,N,N,N,N,N,N,N,N,N,N,N,N,N,N,N,N,N,N,N,N,N,N,N,N,N,N,N,N
1004377,Fish Creek Settlement Shops Farm Market,,,9116 Hwy 42,Fish Creek,Door,Wisconsin,54212,June to October,Wed:10:00 AM - 2:00 PM;,-87.24535,45.113436,,N,Y,Y,N,Y,Y,N,N,Y,Y,N,Y,N,N,N,N,Y,N,Y,Y,N,N,N,N,N,N,N,N,N,N,N
1005413,Fitchburg Center Farmers Market,http://www.fitchburgcenter.com,https://www.facebook.com/#!/pages/Fitchburg-Center-Farmers-Market/75356486094,5511 East Cheryl Parkway,Fitchburg,Dane,Wisconsin,53711,05/01/2014 to 10/30/2014,Thu: 3:00 PM-6:00 PM;,-89.424,43.0055,Private business parking lot,Y,Y,Y,Y,N,Y,Y,N,Y,Y,Y,Y,Y,Y,N,Y,Y,Y,Y,Y,N,N,N,N,Y,N,Y,N,N,N,N
1003782,Five Corners Farmers Market,http://www.town.cedarburg.wi.us,,1331 Covered Bridge Road,Cedarburg,Ozaukee,Wisconsin,53012,06/15/2013 to 10/12/2013,Sat: 9:00 AM-2:00 PM;,-88.005845,43.323548,Private business parking lot,N,-,Y,N,Y,Y,N,N,Y,Y,N,N,N,Y,N,N,Y,N,N,N,N,N,N,N,Y,N,N,N,N,N,N
1003408,Fondy Farmers Market,http://www.fondymarket.org,,2200 W. Fond du Lac Ave.,Milwaukee,Milwaukee,Wisconsin,53206,June to October,Tue:8:00 am - 2:00 pm;Thu:8:00 am - 2:00 pm;Sat:7:00 am - 3:00 pm;sun:8:00 am - 2:00 pm;,-87.9399,43.0615,Private business parking lot,N,N,Y,N,Y,Y,N,N,Y,Y,Y,N,N,Y,N,N,Y,N,Y,N,N,N,N,N,N,N,N,N,N,N,N
1003668,Fort Atkinson Farmers Market,,,City parking lot on East ilwaukee Avenue,Fort Atkinson,Jefferson,Wisconsin,53538,,,-88.8296,42.9263,,N,-,N,N,N,N,N,N,N,N,N,N,N,N,N,N,N,N,N,N,N,N,N,N,N,N,N,N,N,N,N
1009380,Fort Farmers Market ,http://www.fortfarmersmarket.com/,,Municipal Parking Lot Milwaukee Ave E,Fort Atkinson,,Wisconsin,53538,,,-88.8317,42.9267,,Y,-,N,N,N,N,N,N,N,N,N,N,N,N,N,N,N,N,N,N,N,N,N,N,N,N,N,N,N,N,N
1003209,Fountain City Farmers Market,,,725 S Main St,Fountain City,Buffalo,Wisconsin,54629,June to October,Thu:3:00 PM - 7:00 PM;,-91.706486,44.122253,Healthcare Institution,N,N,Y,N,Y,N,Y,N,Y,Y,N,N,N,Y,Y,N,Y,Y,N,Y,N,N,N,N,N,N,N,N,N,N,N
1018249,Fox Point Farmers' Market,,Fox Point Farmers' Market,7300 N. Lombardy Rd.,Fox Point,Milwaukee,Wisconsin,53217,06/17/2017 to 10/14/2017,Sat: 8:00 AM-12:00 PM;,-87.9060222,43.1503443,,Y,Y,Y,N,N,Y,Y,Y,Y,Y,Y,Y,Y,Y,N,N,N,Y,N,Y,N,N,Y,N,Y,N,Y,Y,N,N,N
1000970,Frederic Farmers Market,,,"Inter County Leader parking lot, Hwy 35",Frederic,Polk,Wisconsin,54837,07/19/2014 to 10/25/2014,Sat: 8:00 AM-12:00 PM;,-92.466452,45.661912,Private business parking lot,N,-,Y,N,N,Y,Y,N,Y,Y,Y,N,Y,N,N,N,N,N,N,N,N,N,N,N,Y,N,N,N,N,N,N
1007206,Galesville Square,,,On The Square,Galesville,Trempealeau,Wisconsin,54630,,,-91.349,44.0816,,N,-,N,N,N,N,N,N,N,N,N,N,N,N,N,N,N,N,N,N,N,N,N,N,N,N,N,N,N,N,N
1006240,Gays Mills Farmers Market,http://www.gaysmillsfarmersmarket.com,Gays Mills Farmers Market,Main & Orin Streets/ Lions Park,Gays Mills,Crawford,Wisconsin,54631,05/13/2015 to 10/14/2015,Wed: 2:00 PM-6:00 PM;,-90.850197,43.318839,,Y,N,Y,N,N,Y,N,N,Y,Y,Y,Y,Y,N,N,N,Y,N,Y,Y,N,N,N,N,Y,N,N,N,N,N,Y
1001345,Germantown Farmers Market,,,Village Hill,Germantown,Washington,Wisconsin,53090,,,-88.1206,43.2205,,N,-,N,N,N,N,N,N,N,N,N,N,N,N,N,N,N,N,N,N,N,N,N,N,N,N,N,N,N,N,N
1007222,Granton Farmers Market,,,N4461 Hwy K,Granton,Clark,Wisconsin,54436,May to October,Fri:12:00 PM - 6:00 PM;,-90.456426,44.58032,Private business parking lot,N,-,Y,N,Y,Y,N,N,Y,Y,Y,Y,Y,N,Y,N,Y,N,N,Y,Y,N,N,N,N,N,N,N,N,N,N
1004933,Greendale Open Market,http://gpr.greendale.k12.wi.us,https://www.facebook.com/pages/Greendale-Park-and-Recreation,Broad Street ,Greendale,Milwaukee,Wisconsin,53129,06/27/2015 to 10/10/2015,Sat: 8:00 AM-12:00 PM;,-87.995969,42.941962,,Y,-,Y,N,Y,Y,N,N,Y,Y,Y,Y,Y,N,N,N,N,N,Y,Y,N,N,Y,N,Y,N,N,N,N,N,N
1010623,Greenfield Farmers Market,http://www.greenfieldwi.us/farmersmarket,www.facebook.com/greenfieldwifarmersmarket,5151 W. Layton Avenue,Greenfield,Milwaukee,Wisconsin,53220,05/01/2014 to 10/01/2014,Sun: 10:00 AM-2:00 PM;,-87.977083,42.95883,,Y,Y,Y,Y,Y,Y,Y,N,Y,Y,Y,Y,Y,Y,N,N,Y,Y,Y,Y,Y,N,Y,N,Y,Y,Y,Y,Y,N,N
1009501,Greenway Station Farmers' Market ,http://www.greenwayshopping.com/events/,,Greenway Boulevard & Deming Way,Middleton,,Wisconsin,53562,,,-89.5271,43.0902,,Y,-,N,N,N,N,N,N,N,N,N,N,N,N,N,N,N,N,N,N,N,N,N,N,N,N,N,N,N,N,N
1004995,"Greenwood, WI Farmers Market",http://www.clarkcountytourism-wi.org,https://www.facebook.com/pages/Clark-County-Economic-Development-Corporation-and-Tourism-Bureau/347692531983119,414 S. Main,Greenwood,Clark,Wisconsin,54437,,,-90.597968,44.762635,Private business parking lot,N,Y,N,N,N,N,Y,N,N,N,N,N,N,N,N,N,N,N,N,N,N,N,N,N,N,N,N,N,N,N,N
1003845,Hartford Farmers Market,,,1 Block North of Highway 60 on Rural Street,Hartford,Washington,Wisconsin,53027,May to November,Sat:7:00 AM - 1:00 PM;,-88.381233,43.318122,Local government building grounds,N,-,Y,N,Y,Y,Y,N,Y,Y,Y,Y,N,N,Y,N,Y,N,N,Y,N,N,N,N,N,N,N,N,N,N,N
1010579,Hayward Farmers Market,,Hayward Farmers Market,15886W US Hwy 63 S,Hayward,Sawyer,Wisconsin,54843,06/01/2014 to 09/30/2014,Mon: 11:30 AM-4:00 PM;,-91.48851,46.011107,,Y,Y,Y,Y,Y,Y,Y,Y,Y,Y,Y,Y,Y,Y,N,N,Y,Y,Y,Y,Y,N,Y,N,Y,N,Y,Y,N,N,Y
1001998,HCCC Farmers Market,,,HMONG CULTURAL & COMMUNITY CENTER PARKING LOT,La Crosse,La Crosse,Wisconsin,54601,,,-91.2287,43.7839,,N,-,N,N,N,N,N,N,N,N,N,N,N,N,N,N,N,N,N,N,N,N,N,N,N,N,N,N,N,N,N
1006891,Henry Street Farmers Market,,,Henry Street,Edgerton,Rock,Wisconsin,53534,,,-89.0697,42.8348,,N,-,N,N,N,N,N,N,N,N,N,N,N,N,N,N,N,N,N,N,N,N,N,N,N,N,N,N,N,N,N
1003300,Heritage Village Farmers Market,,,,Beaver Dam,St. Croix,Wisconsin,53916,,,-92.5356,45.1093,,N,-,N,N,N,N,N,N,N,N,N,N,N,N,N,N,N,N,N,N,N,N,N,N,N,N,N,N,N,N,N
1002848,Hilldale Farmers Market,http://www.hilldale.com/farmersmarket.html,https://www.facebook.com/farmtrails,"Hilldale Shopping Center, 702 N. Midvale Boulevard",Madison,Dane,Wisconsin,53705,05/28/2016 to 11/05/2016,Wed: 7:00 AM-1:00 PM;Sat: 7:00 AM-1:00 PM;,-89.454803,43.071662,,Y,Y,Y,Y,N,N,Y,Y,Y,Y,Y,Y,Y,Y,N,Y,Y,Y,Y,Y,Y,N,Y,Y,Y,N,N,Y,N,N,Y
1006266,Hillsboro Farmers Market,,,731 Water Avenue,Hillsboro,Vernon,Wisconsin,54634,06/06/2015 to 10/31/2015,Sat: 8:00 AM-1:00 PM;,-90.3401755,43.6508701,,Y,-,Y,N,Y,N,N,N,N,Y,N,Y,N,N,N,N,N,N,N,N,N,N,N,N,Y,N,N,N,N,N,N
1000839,Hodag Farmers' Market,,,Pioneer Park 600-1000 Oneida Ave,Rhinelander,Oneida,Wisconsin,54501,,,-89.4078,45.6295,,N,-,N,N,N,N,N,N,N,N,N,N,N,N,N,N,N,N,N,N,N,N,N,N,N,N,N,N,N,N,N
1007203,Holmen Farmers Market,,,Holmen Square (Skogen's IGA parking lot),Holmen,,Wisconsin,,,,-91.2652,43.969,,N,-,N,N,N,N,N,N,N,N,N,N,N,N,N,N,N,N,N,N,N,N,N,N,N,N,N,N,N,N,N
1010052,Holy Hill Art & Farm Market,https://www.holyhillartfarm.com,https://www.facebook.com/pages/Holy-Hill-Art-Farm/103713793036027,4958 Hwy 167,Hubertus,Washington,Wisconsin,53033,09/20/2014 to 09/21/2014,Sat: 9:00 AM-4:00 PM;Sun: 9:00 AM-4:00 PM;,-88.2781962,43.2513473,"On a farm from: a barn, a greenhouse, a tent, a stand, etc",Y,Y,Y,Y,Y,Y,Y,Y,Y,Y,Y,Y,Y,N,N,Y,N,N,Y,Y,N,N,Y,N,Y,N,Y,Y,N,N,Y
1002648,Horicon Farmers Market,http://www.localharvest.org/horicon-community-garden-farm-market-M34474,https://www.facebook.com/pages/Horicon-Phoenix-Program/120751853430?ref=hl,South Hubbard Street,Horicon,Dodge,Wisconsin,53032,06/04/2014 to 10/29/2014,Wed: 4:00 PM-8:00 PM;,-88.630314,43.442435,Local government building grounds,N,-,Y,Y,Y,Y,Y,Y,Y,Y,Y,Y,Y,Y,N,Y,Y,Y,N,Y,N,N,N,N,Y,N,N,N,N,N,N
1002800,Hudson Farmers Market on Carmichael,http://www.hudsonfarmersmarketcarmichael.com,https://www.facebook.com/pages/Hudson-Farmers-Market-on-CARMICHAEL/140544355962413,504 Frontage Road,Hudson,St. Croix,Wisconsin,54016,06/21/2014 to 10/25/2014,Sat: 9:00 AM-1:00 PM;,-92.703256,44.965783,"Faith-based institution (e.g., church, mosque, synagogue, temple)",Y,-,Y,Y,N,Y,Y,N,Y,Y,Y,Y,Y,N,N,N,Y,N,N,Y,N,N,N,N,Y,N,N,N,N,N,N
1011295,Iron County Farmers Market,http://www.ironcountyfarmersmarket.com,www.facebook.com/IronCountyFarmerMarket,13420 N 10th Ave,Hurley,Iron,Wisconsin,54559,06/27/2015 to 10/17/2015,Wed: 3:00 PM-6:00 PM;Sat: 10:00 AM-2:00 PM;,-90.193419,46.462202,,Y,N,Y,N,Y,Y,N,N,Y,Y,N,Y,Y,N,N,N,N,N,N,Y,N,N,N,N,Y,N,N,N,N,N,Y
1018343,Jackson County Farmers Market,http://www.jcfarmmarket.org/,https://www.facebook.com/brf.wi/,Diploma Drive,Black River Falls ,Jackson,Wisconsin,54615,06/01/2017 to 10/28/2017,Thu: 2:00 PM-6:00 PM;Sat: 9:00 AM-1:00 PM;,-90.862319,44.291599,,Y,Y,Y,N,Y,Y,N,N,N,Y,Y,Y,Y,N,N,N,N,N,N,Y,N,N,N,N,Y,N,N,N,N,N,N
1011299,Jackson Park Farmers Market,http://jacksonpark.us/farmers-market/,https://www.facebook.com/JPFarmersMarket,3500 W. Forest Home Ave.,Milwaukee ,Milwaukee,Wisconsin,53215,06/09/2016 to 09/29/2016,Thu: 3:30 PM-7:00 PM;,-87.963355,42.996957,,Y,-,Y,Y,Y,Y,Y,N,Y,Y,Y,Y,N,Y,N,N,Y,N,Y,Y,N,N,Y,N,Y,N,N,N,N,N,N
1009970,"Janesville Farmers Market, Inc.",http://janesvillefarmersmarket.com/jfm/,https://www.facebook.com/pages/Janesville-Farmers-Market-Inc/212710452079344,100 Block of North Main Street,Janesville ,Rock,Wisconsin,53545,05/03/2014 to 10/25/2014,Sat: 8:00 AM-1:00 PM;,-89.023327,42.683703,,Y,Y,Y,Y,Y,Y,Y,N,Y,Y,Y,Y,Y,Y,N,N,Y,Y,Y,Y,Y,N,Y,N,Y,N,Y,Y,N,N,N
1008404,Jefferson Farmers Market - Summer,http://www.jeffersonwis.com,https://www.facebook.com/pages/Jefferson-Farmers-Market/186054341555070,East Racine Street and South Center Avenue,Jefferson,Jefferson,Wisconsin,53549,06/09/2016 to 10/06/2016,Thu: 11:00 AM-6:00 PM;,-88.806147,43.005011,,Y,-,N,Y,Y,Y,N,N,Y,Y,Y,Y,Y,N,N,N,Y,N,N,Y,N,N,Y,N,Y,N,N,N,N,N,N
1006118,Juneau Farmers Market,,,Courthouse Square,Juneau,Dodge,Wisconsin,53039,June to October,Fri:8:00 am - 12:00 pm;,-88.7035,43.407,Local government building grounds,N,-,Y,N,Y,Y,N,N,N,Y,Y,Y,N,N,N,N,Y,N,N,N,N,N,N,N,N,N,N,N,N,N,N
1005386,Kenosha Farmers Market - Baker Park,,,Baker Park,Kenosha,Kenosha,Wisconsin,53143,,,-87.8206,42.5752,,N,-,N,N,N,N,N,N,N,N,N,N,N,N,N,N,N,N,N,N,N,N,N,N,N,N,N,N,N,N,N
1005388,Kenosha Farmers Market - Columbus Park,,,Columbus Park,Kenosha,Kenosha,Wisconsin,53143,,,-87.8342,42.5859,,N,-,N,N,N,N,N,N,N,N,N,N,N,N,N,N,N,N,N,N,N,N,N,N,N,N,N,N,N,N,N
1005387,Kenosha Farmers Market - Lincoln Park,,,Lincoln Park,Kenosha,Kenosha,Wisconsin,53143,,,-87.8311,42.5709,,N,-,N,N,N,N,N,N,N,N,N,N,N,N,N,N,N,N,N,N,N,N,N,N,N,N,N,N,N,N,N
1005389,Kenosha Farmers Market - Union Park,,,Union Park,Kenosha,Kenosha,Wisconsin,53143,,,-87.8215,42.5952,,N,-,N,N,N,N,N,N,N,N,N,N,N,N,N,N,N,N,N,N,N,N,N,N,N,N,N,N,N,N,N
1012126,Kenosha HarborMarket,http://kenoshaharbormarket.com,Kenosha HarborMarket ,2nd Avenue between 54th and 56th Streets,Kenosha ,Kenosha,Wisconsin,53140,05/14/2016 to 10/15/2016,Sat: 9:00 AM-2:00 PM;,-87.813957,42.586623,,Y,Y,Y,Y,Y,Y,Y,Y,Y,Y,Y,Y,Y,Y,N,Y,Y,Y,Y,Y,Y,N,Y,Y,Y,Y,Y,Y,Y,Y,N
1012128,Kenosha Winter HarborMarket ,http://kenoshaharbormarket.com,Kenosha HarborMarket ,514 - 56th Street,Kenosha ,Kenosha,Wisconsin,53140,10/22/2016 to 05/06/2017,Sun: 9:00 AM-1:00 PM;,-87.81806,42.585197,,Y,Y,Y,Y,N,N,Y,Y,Y,Y,Y,Y,Y,Y,N,N,N,Y,Y,Y,N,N,Y,N,Y,Y,Y,Y,N,Y,N
1011734,Kewaunee County Farmers Market,http://KewCoFarmersMarket.com,Rural Enterprise Network,N6975 Hwy 42,Algoma,Kewaunee,Wisconsin,54201,01-11-2015,Sun: 10:00 AM-3:00 PM;,-87.452972,44.576908,,Y,-,Y,Y,N,Y,Y,N,Y,Y,Y,Y,Y,Y,N,N,Y,Y,Y,N,N,N,Y,Y,Y,N,Y,N,N,N,N
1007390,Kiel Farmers Market,,,4th and Paine St.,Kiel,Manitowoc,Wisconsin,,,,-88.0343,43.9136,,N,-,N,N,N,N,N,N,N,N,N,N,N,N,N,N,N,N,N,N,N,N,N,N,N,N,N,N,N,N,N
1002140,Kronenwetter Farmer's Market,http://kronenwetter.org/departments/CD/CEvents/farmersmarket,https://www.facebook.com/KronenwetterWI,2390 Terrebonne Drive,Kronenwetter,Marathon,Wisconsin,54455,06/15/2014 to 10/12/2014,Sun: 9:00 AM-2:00 PM;,-89.623096,44.853861,,Y,-,N,Y,Y,Y,N,N,Y,Y,Y,Y,Y,N,N,N,N,Y,Y,Y,N,N,N,N,Y,N,N,N,N,N,N
1005858,Lake Mills Farmers' Market,http://www.lakemillsfarmersmarket.com,,100 North Main Street - Commons Park,Lake Mills,Jefferson,Wisconsin,53551,May to October,Wed:2:00 PM - 7:00 PM;,-88.907965,43.074024,Other,N,-,Y,Y,Y,Y,Y,N,Y,Y,Y,Y,Y,Y,Y,Y,Y,Y,Y,Y,Y,N,N,N,N,N,N,N,N,N,N
1007211,Land O Lakes Farmers Market,,,Downtown,Land O Lakes,Vilas County,Wisconsin,,,,-89.2183,46.1618,,N,-,N,N,N,N,N,N,N,N,N,N,N,N,N,N,N,N,N,N,N,N,N,N,N,N,N,N,N,N,N
1007221,Little Miss Sweet Peas Farmers Market,,,431 E. Geneva St.,Elkhorn,Walworth,Wisconsin,,,,-88.5355,42.6694,,N,-,N,N,N,N,N,N,N,N,N,N,N,N,N,N,N,N,N,N,N,N,N,N,N,N,N,N,N,N,N
1001313,Lodi Valley Farmers' Market,,https://www.facebook.com/LodiValleyFarmersMarket,902 W Main St. (Hwy 113),Lodi,Columbia,Wisconsin,53555,04/26/2013 to 10/25/2013,Fri: 2:00 PM-6:00 PM;,-89.53785,43.32548,Private business parking lot,Y,-,N,Y,Y,Y,Y,Y,Y,Y,Y,Y,Y,Y,N,N,Y,Y,Y,Y,Y,N,N,N,Y,N,N,N,N,N,N
1011151,Lomira Farmers Market,http://www.facebook.com/lomirafarmersmarket,www.facebook.com/lomirafarmersmarket,580 East Ave,Lomira,Dodge,Wisconsin,53048,06/11/2016 to 10/08/2016,Sat: 9:00 AM-12:00 PM;,-88.4325561,43.588759,,Y,Y,N,N,Y,Y,Y,N,Y,Y,Y,Y,N,N,N,N,Y,N,N,Y,N,N,N,N,Y,N,N,N,N,N,N
1004599,Loyal Farmers Market,,,139 N Main St.,Loyal,Clark,Wisconsin,54446,May to October,Tue:2:00 PM - 6:00 PM;Sat:8:00 AM - 12:00 PM;,-90.496144,44.734814,Local government building grounds,N,-,Y,N,Y,Y,N,N,Y,Y,Y,Y,Y,N,Y,N,Y,N,N,Y,Y,N,N,N,N,N,N,N,N,N,N
1001819,Main Street Marshfield Farmers Market,http://www.mainstreetmarshfield.com,,641 S. Central Avenue,Marshfield,Wood,Wisconsin,54449,06/18/2013 to 09/24/2013,Tue: 9:00 AM-1:00 PM;,-90.1768,44.6612,Private business parking lot,N,-,Y,N,Y,Y,N,N,Y,Y,N,Y,N,N,N,N,Y,N,N,N,Y,N,N,N,Y,N,N,N,N,N,N
1008350,Mandt Marketplace,,www.facebook.com/mandtmarketplace,811 Fourth Streert,Stoughton,Dane,Wisconsin,53589,04/28/2013 to 09/22/2013,Sun: 10:00 AM-4:00 PM;,-89.217966,42.911655,Local government building grounds,Y,Y,Y,Y,Y,Y,Y,Y,Y,Y,Y,Y,Y,Y,N,N,Y,Y,Y,Y,Y,N,N,N,Y,N,N,N,N,N,N
1017917,Manitowoc Farmers Market,http://www.manitowoc.org/298/Farmers-Market,https://www.facebook.com/Manitowoc-Farmers-Market-159820864084424/?ref=bookmarks,720 Quay Street,Manitowoc,Manitowoc,Wisconsin,54220,05/06/2017 to 10/28/2017,Sat: 8:00 AM-2:00 PM;,-87.657242,44.09129,,Y,Y,Y,Y,Y,Y,Y,N,Y,Y,Y,Y,Y,Y,N,N,Y,Y,Y,Y,N,N,Y,N,Y,N,Y,Y,N,N,N
1017918,Manitowoc Farmers Market,http://www.manitowoc.org/298/Farmers-Market,https://www.facebook.com/Manitowoc-Farmers-Market-159820864084424/?ref=bookmarks,1115 Washington Street,Manitowoc ,Manitowoc,Wisconsin,54220,06/06/2017 to 10/31/2017,Tue: 12:00 PM-6:00 PM;,-87.662662,44.088854,,Y,Y,Y,Y,Y,Y,Y,N,Y,Y,Y,Y,Y,Y,N,N,Y,Y,Y,Y,N,N,Y,N,Y,N,Y,Y,N,N,N
1000366,Marinette Farmers Market,,,Main St & Wells St.,Marinette,Marinette,Wisconsin,54143,,,-87.6279,45.0985,,N,-,N,N,N,N,N,N,N,N,N,N,N,N,N,N,N,N,N,N,N,N,N,N,N,N,N,N,N,N,N
1018203,Market in the Park,,,W South Park Ave & Georgia St,Oshkosh,Winnebago,Wisconsin,54901,07/19/2017 to 09/27/2017,Wed: 3:00 PM-7:00 PM;,-88.557509,44.0053166,,Y,Y,Y,Y,Y,N,Y,Y,N,Y,Y,Y,Y,Y,N,N,N,Y,Y,Y,N,N,Y,N,Y,N,N,Y,N,N,N
1000110,Market in the Park - Ferryville,,,,Ferryville,Crawford,Wisconsin,54628,,,-91.097,43.363,,N,-,N,N,N,N,N,N,N,N,N,N,N,N,N,N,N,N,N,N,N,N,N,N,N,N,N,N,N,N,N
1011972,Market on Military Summer,http://MilitaryAve.org,Military Avenue Business Association,Military Avenue and West Mason Street,Green Bay ,Brown,Wisconsin,54303,06/01/2017 to 10/26/2017,Thu: 3:00 PM-7:00 PM;,-88.062741,44.522723,,Y,Y,Y,Y,Y,Y,Y,N,Y,Y,Y,Y,Y,Y,N,N,Y,Y,Y,Y,N,N,N,N,Y,N,N,Y,Y,N,N
1016861,Market on Military Winter,http://MilitaryAve.org,Military Avenue Business District,521 S. Military Avenue,Green Bay,Brown,Wisconsin,54303,01/08/2017 to 05/28/2017,Sun: 11:00 AM-3:00 PM;,-88.0625525,44.5244265,,Y,Y,Y,Y,N,N,Y,N,Y,Y,Y,Y,Y,Y,N,N,N,Y,Y,Y,N,N,N,N,Y,N,N,N,Y,N,N
1005531,Market on the Hill,http://www.market.queenofapostles.net,,449 W. Wisconsin,Pewaukee,Waukesha,Wisconsin,53072,,,-88.2701,43.0877,,N,-,N,N,N,N,N,N,N,N,N,N,N,N,N,N,N,N,N,N,N,N,N,N,N,N,N,N,N,N,N
1012539,Marshfield Clinic and Aspirus Farmers Market,,,333 Pine Ridge Blvd,Wausau,Marathon,Wisconsin,54401,06/16/2016 to 09/29/2016,Thu: 10:00 AM-4:00 PM;,-89.667728,44.966094,,Y,N,N,N,N,Y,Y,N,Y,Y,Y,N,Y,N,N,N,N,Y,N,N,N,N,N,N,Y,N,N,N,N,N,N
1005763,Mayville Downtown Green Market,http://www.mainstreetmayville.com,,Downtown Main Street,Mayville,Dodge,Wisconsin,53050,May to October,,-88.5638,43.5289,Private business parking lot,N,-,N,N,Y,Y,N,N,Y,Y,Y,Y,Y,N,N,N,Y,N,N,N,N,N,N,N,N,N,N,N,N,N,N
1005426,mazomanie farmers market,,,117 brodhead street,mazomanie,Dane,Wisconsin,,,,-89.7946,43.175,,N,-,N,N,N,N,N,N,N,N,N,N,N,N,N,N,N,N,N,N,N,N,N,N,N,N,N,N,N,N,N
1002789,McFarland Farmers Market I,,,5100 Farwell Street,McFarland,Dane,Wisconsin,53558,,,-89.2934,43.0129,,N,-,N,N,N,N,N,N,N,N,N,N,N,N,N,N,N,N,N,N,N,N,N,N,N,N,N,N,N,N,N
1001490,Medford Farmers Market,,,,Medford,Taylor,Wisconsin,54451,05/13/2014 to 09/30/2014,Tue: 1:00 PM-5:30 PM;,-90.346674,45.138027,Local government building grounds,N,-,Y,N,Y,Y,N,N,Y,Y,Y,Y,Y,N,N,N,Y,N,N,Y,N,N,N,N,Y,N,N,N,Y,N,N
1001491,Medford Farmers Market,,,corner of highway 13  and highway 64,Medford,Taylor,Wisconsin,54451,05/10/2014 to 10/25/2014,Sat: 8:00 AM-1:00 PM;,-90.332954,45.142173,Local government building grounds,N,-,Y,N,Y,Y,N,N,Y,Y,Y,Y,Y,Y,N,N,Y,Y,N,Y,Y,N,N,N,Y,N,N,Y,Y,N,N
1005128,Menasha's Farm Fresh Market,http://www.cityofmenasha-wi.gov/content/departments/city_clerk/Farmers_Market/,,140 Main St.,Menasha,Winnebago,Wisconsin,54952,06/11/2015 to 10/29/2015,Thu: 2:00 PM-6:00 PM;,-88.450606,44.200067,,Y,-,Y,Y,Y,Y,Y,Y,Y,Y,Y,Y,Y,Y,N,N,N,Y,Y,Y,N,N,Y,N,Y,N,N,N,N,N,N
1008342,Menomonee Falls Sunday Farmers Market,http://www.menomoneefallsdowntown.com,https://www.facebook.com/pages/Menomonee-Falls-Village-Centre/210756305658599?fref=ts,Main St. west of Appleton,Menomonee Falls,Waukesha,Wisconsin,53051,07/07/2013 to 10/27/2013,Sun: 9:00 AM-2:00 PM;,-88.117313,43.178897,Educational institution,N,N,Y,N,Y,Y,N,N,Y,Y,N,N,N,N,N,N,N,N,N,N,N,N,N,N,Y,N,N,N,N,N,N
1001578,Menomonee Falls Wednesday Farmers Market,,https://www.facebook.com/eastsidefarmersmarket,On Main Street just West of Appleton Avenue,Menomonee Falls,Waukesha,Wisconsin,53051,05/01/2013 to 11/27/2013,Wed: 8:00 AM-3:00 PM;,-88.117535,43.178726,Educational institution,N,N,Y,N,Y,Y,Y,N,Y,Y,N,N,N,N,N,N,Y,N,N,Y,N,N,N,N,Y,N,N,N,N,N,N
1012668,Menomonie Farmer's Market,http://www.westcap.org,https://www.facebook.com/Menomonie-Farmers-Market-132792951987/,"Wilson Park, 8th Street",Menomonie ,Dunn,Wisconsin,54751,05/21/2016 to 10/22/2016,Wed: 11:30 AM-6:00 PM;Sat: 8:00 AM-1:00 PM;,-91.921551,44.875275,,Y,-,Y,Y,N,Y,Y,N,Y,Y,N,Y,Y,Y,N,N,N,Y,Y,N,N,N,Y,N,Y,N,N,N,N,N,N
1003811,Merrill Area Farmers' Market,,,Normal Park  Located at Center Street between 6th & 7th Streets,Merrill,Lincoln,Wisconsin,54452,July to October,Wed:7:30 am - 1:30 pm;,-89.684,45.1854,Local government building grounds,N,N,Y,N,N,Y,N,N,Y,Y,Y,Y,Y,Y,N,N,Y,N,N,N,N,N,N,N,N,N,N,N,N,N,N
1004672,MIDDLETON FARMERS MARKET,,,Greenway Blvd. & Deming Way,MIDDLETON,Dane,Wisconsin,,,,-89.5271,43.0902,,N,-,N,N,N,N,N,N,N,N,N,N,N,N,N,N,N,N,N,N,N,N,N,N,N,N,N,N,N,N,N
1002191,Milwaukee Asian Farmers Market,,, 76th St. & Mill Rd.,Milwaukee,Milwaukee,Wisconsin,53218,01-06-2013,Mon: 7:00 AM-7:00 PM;Tue: 7:00 AM-7:00 PM;Wed: 7:00 AM-7:00 PM;Thu: 7:00 AM-7:00 PM;Fri: 7:00 AM-7:00 PM;Sat: 7:00 AM-7:00 PM;Sun: 7:00 AM-7:00 PM;,-88.004359,43.132573,,Y,Y,N,N,N,N,Y,N,Y,Y,N,N,N,N,N,N,N,N,N,N,N,N,N,N,Y,N,N,N,N,N,N
1001528,Milwaukee County Winter Farmers' Market,http://www.mcwfm.org,https://www.facebook.com/mcwfm,524 South Layton Blvd,Milwaukee,Milwaukee,Wisconsin,53215,11/01/2014 to 04/11/2015,Sat: 9:00 AM-1:00 PM;,-87.945932,43.026399,,Y,Y,Y,Y,N,Y,Y,Y,Y,Y,Y,Y,Y,Y,N,N,N,Y,Y,Y,N,N,Y,N,Y,Y,Y,Y,Y,N,Y
1002885,Mineral Point Market,http://www.mineralpointmarket.com,https://www.facebook.com/pages/Mineral-Point-Market/208185289219556,Business Highway 151 at Madison Street.,Mineral Point,Iowa,Wisconsin,53565,05/03/2014 to 10/18/2014,Sat: 8:30 AM-11:00 AM;,-90.186582,42.863,Local government building grounds,Y,Y,Y,Y,Y,Y,Y,N,Y,Y,Y,Y,Y,Y,N,N,Y,Y,Y,Y,N,N,Y,N,Y,N,N,N,N,N,Y
1010582,Minocqua Farmers Market,http://minocquafarmersmarket.com/,https://www.facebook.com/pages/Minocqua-Farmers-Market/223967904356536,10295 Highway 70W,Minocqua,Oneida,Wisconsin,54548,05/23/2014 to 10/10/2014,Fri: 8:00 AM-1:00 PM;,-89.7501887,45.8833293,,Y,N,Y,Y,Y,Y,Y,N,Y,Y,Y,Y,Y,Y,N,N,Y,Y,Y,Y,Y,N,N,N,Y,Y,N,Y,Y,N,Y
1005623,Mitchell Street Farmers' Market,,,,Milwaukee,Milwaukee,Wisconsin,53215,,,-87.9372,43.0126,,N,-,N,N,N,N,N,N,N,N,N,N,N,N,N,N,N,N,N,N,N,N,N,N,N,N,N,N,N,N,N
1007398,Monona Farmers Market,,, Ahuska Park on Broadway,Monona,Dane,Wisconsin,53716,,,-89.3175,43.0466,,N,-,N,N,N,N,N,N,N,N,N,N,N,N,N,N,N,N,N,N,N,N,N,N,N,N,N,N,N,N,N
1012314,Monore Farmers Market on the Square,http://www.mainstreetmonroe.org,Monroe Farmers Market on the Square,10th St and 16th Ave,Monroe,Green,Wisconsin,53566,05/04/2016 to 10/22/2016,Wed: 1:00 PM-5:30 PM;Sat: 8:00 AM-1:00 PM;,-89.6398886,42.6021262,,Y,Y,Y,N,Y,Y,Y,N,Y,Y,Y,Y,Y,Y,N,N,Y,Y,Y,Y,N,N,Y,N,Y,N,N,N,N,N,N
1010263,Mornin' Sunshine Farm ,http://www.morninsunshinefarm.com,https://www.facebook.com/morninsunshine.farm.5,7207 State Highway 34,Rdudolph,Wood,Wisconsin,54475,06/21/2014 to 10/31/2014,Wed: 10:00 AM-6:00 PM;Thu: 10:00 AM-6:00 PM;Fri: 7:00 AM-6:00 PM;Sat: 7:00 AM-6:00 PM;Sun: 9:00 AM-4:00 PM;,-89.810196,44.503296,"On a farm from: a barn, a greenhouse, a tent, a stand, etc",N,N,Y,N,Y,Y,N,N,Y,Y,Y,Y,N,N,N,N,N,N,Y,N,N,N,Y,N,Y,N,N,N,N,N,N
1005559,Mosinee Farm Market,http://www.mosineechamber.org,,1101 Main Street,City,Marathon,Wisconsin,54455,05/13/2014 to 10/14/2014,Tue: 12:00 PM-7:00 PM;,-89.7587,44.5904,Local government building grounds,N,-,Y,Y,Y,Y,N,N,Y,Y,Y,Y,Y,N,N,N,Y,N,N,Y,N,N,N,N,Y,N,N,N,N,N,N
1011288,Mt. Horeb Farmers Market,http://mthorebfarmersmarket.com,https://www.facebook.com/pages/Mount-Horeb-Farmers-Market/116716985027651,300 block of E. Main Street,Mt. Horeb,Dane,Wisconsin,53572,06/16/2016 to ,Thu: 3:00 PM-6:30 PM;,-89.735821,43.008385,,Y,Y,Y,Y,N,Y,Y,N,Y,Y,Y,Y,Y,Y,N,N,Y,Y,Y,Y,N,N,N,Y,Y,N,N,Y,N,N,Y
1008203,Mukwonago Area Farmers' Market,http://www.mukwonagochamber.org,https://www.facebook.com/pages/Mukwonago-Area-Farmers-Market,933 N. Rochester Street ,"Mukwonago, WI",Waukesha,Wisconsin,53149,05/20/2015 to 10/14/2015,Wed: 2:00 PM-6:00 PM;,-88.338621,42.873606,,Y,Y,Y,Y,Y,Y,Y,N,Y,Y,Y,Y,Y,Y,N,N,Y,Y,Y,Y,Y,N,Y,N,Y,N,Y,Y,N,N,N
1001162,Nebagamon's Lakeview Farmers Market,,,Sharon's Lakeview Café,Lake Nebagamon,Douglas,Wisconsin,54849,,,-91.6993,46.5139,,N,-,N,N,N,N,N,N,N,N,N,N,N,N,N,N,N,N,N,N,N,N,N,N,N,N,N,N,N,N,N
1006641,Neenah Farmer's Market,http://www.neenah.org,Future Neenah Farmers Market,210 E Wisconsin Ave.,Neenah,Winnebago,Wisconsin,54956,06/20/2015 to 10/17/2015,Sat: 8:00 AM-12:00 PM;,-88.459157,44.18542,,Y,-,Y,Y,Y,Y,Y,Y,Y,Y,Y,Y,Y,Y,N,N,Y,Y,Y,Y,N,N,Y,N,Y,Y,N,Y,N,N,N
1012630,Neillsville Farmers Market,,,Corners of Hewett & 5th Street,Neillsville ,Clark,Wisconsin,54456,07/16/2016 to 09/24/2016,Sat: 8:00 AM-12:00 PM;,-90.596173,44.559826,,Y,-,Y,N,N,N,Y,N,Y,Y,Y,Y,Y,N,N,N,Y,N,N,N,N,N,N,Y,Y,N,N,N,N,N,N
1006535,New Berlin Farmers Market,,https://www.facebook.com/pages/New-Berlin-Farmers-Market/140839852645248,16300 W. National Avenue,New Berlin,Waukesha,Wisconsin,53151,05/03/2014 to 10/25/2014,Sun: 8:00 AM-12:00 PM;,-88.116283,42.971212,Local government building grounds,Y,-,Y,Y,Y,Y,Y,N,Y,Y,Y,Y,Y,Y,N,N,Y,Y,Y,Y,Y,N,N,N,Y,N,N,N,Y,N,N
1007391,NEW HOLSTEIN FARMERS MARKET,,,2031 Wisconsin Ave.,NEW HOLSTEIN,Calumet,Wisconsin,,,,-88.0929,43.9497,,N,-,N,N,N,N,N,N,N,N,N,N,N,N,N,N,N,N,N,N,N,N,N,N,N,N,N,N,N,N,N
1010526,New Leaf Winter Farmers Market,http://www.downtowngreenbay.com,Downtown Green Bay,333 Main Street,Green Bay,Brown,Wisconsin,54301,12/10/2016 to 03/11/2017,Sat: 8:00 AM-12:00 PM;,-88.011489,44.517696,,Y,Y,Y,Y,Y,N,Y,Y,Y,Y,Y,Y,Y,Y,N,N,N,Y,Y,Y,N,N,Y,N,Y,N,N,Y,Y,N,N
1001721,New Richmond Farmers Market,,,1100 Heritage Drive,New Richmond,St. Croix,Wisconsin,54017,,,-92.5357,45.1104,,N,-,N,N,N,N,N,N,N,N,N,N,N,N,N,N,N,N,N,N,N,N,N,N,N,N,N,N,N,N,N
1008530,Northside Farmers Market at Edgewater,http://www.edgewaterhomeandgarden.com,https://www.facebook.com/NorthsideFarmersMarketAtEdgewaterGhse,2957 County CX,Portage,Columbia,Wisconsin,53901,06/09/2013 to 10/20/2013,Sun: 11:00 AM-3:00 PM;,-89.471969,43.572223,Private business parking lot,N,-,N,N,N,Y,N,N,Y,Y,Y,Y,N,N,N,N,N,Y,N,Y,N,N,N,N,Y,N,N,N,N,N,N
1000866,Northwind Perennial Farm Market,http://www.northwindperennialfarm.com,,7047 Hospital Road,Burlington,Walworth,Wisconsin,53105,06/02/2013 to 09/29/2013,Sun: 11:00 AM-3:00 PM;,-88.408442,42.654478,"On a farm from: a barn, a greenhouse, a tent, a stand, etc",Y,-,Y,Y,Y,N,N,N,N,Y,Y,Y,Y,Y,N,N,Y,N,Y,Y,Y,N,N,N,N,N,N,N,N,N,N
1002825,Oconomowoc Farmers Market,http://www.oconomowoc.org,,175 E. Wisconsin Avenue,Oconomowoc,Waukesha,Wisconsin,53066,,Sat: 7:30 AM-12:00 PM;,-88.497125,43.110205,Federal/State government building grounds,N,-,Y,Y,Y,Y,Y,N,Y,Y,Y,Y,Y,Y,N,N,Y,Y,Y,Y,N,N,N,N,Y,N,N,N,N,N,N
1004543,Old South Side Farmers Market,http://www.urban-anthropology.org,,700-900 W Lincoln Avenue,Milwaukee,Milwaukee,Wisconsin,53215,,,-87.9236,43.0227,,N,-,N,N,N,N,N,N,N,N,N,N,N,N,N,N,N,N,N,N,N,N,N,N,N,N,N,N,N,N,N
1007213,Omro Friday Night Market,,,On One Way Portion of S. Webster Ave,Winnebago,Winnebago County,Wisconsin,,,,-88.7109,44.0127,,N,-,N,N,N,N,N,N,N,N,N,N,N,N,N,N,N,N,N,N,N,N,N,N,N,N,N,N,N,N,N
1010047,Omro Thursday Night Market,http://www.futureomro.org/thursday-night-market.html,https://www.facebook.com/pages/Omro-Thursday-Night-Market/113528408690777, 515 E. Main Street,Omro,Winnebago,Wisconsin,54963,05/22/2014 to 10/02/2014,Thu: 4:00 PM-7:00 PM;,-88.73807,44.039854,Local government building grounds,Y,-,N,N,Y,N,N,N,N,Y,N,Y,N,N,N,N,N,N,N,N,N,N,N,N,Y,N,N,N,N,N,N
1001034,Oneida Farmers Market,http://www.oneidanation.org/ofm,https://www.facebook.com/#!/pages/Oneida-Farmers-Market-Wisconsin/157816204275054,N7332 Water Circle Place,Oneida,Outagamie,Wisconsin,54155,06/30/2016 to 10/13/2016,Thu: 12:00 PM-6:00 PM;,-88.202341,44.503625,,Y,Y,Y,N,Y,Y,Y,N,Y,Y,Y,Y,Y,Y,N,Y,Y,Y,Y,Y,N,N,N,N,Y,N,N,N,N,N,N
1005444,OREGON FARMERS MARKET,,,787 N Main St.,OREGON,Dane,Wisconsin,,,,-89.3836,42.9384,,N,-,N,N,N,N,N,N,N,N,N,N,N,N,N,N,N,N,N,N,N,N,N,N,N,N,N,N,N,N,N
1010548,Orfordville Farmers' Market,http://orfordvillefarmersmarket.com/,http://www.facebook.com/orfordvillefarmersmarket,303 E. Beloit Street,Orfordville,Rock,Wisconsin,53576,06/07/2014 to 10/25/2014,Sat: 8:00 AM-1:00 PM;,-89.253301,42.627022,,Y,-,Y,Y,Y,N,Y,N,N,Y,Y,Y,N,N,N,N,Y,Y,Y,Y,N,N,N,N,Y,N,N,N,N,N,N
1000676,Osceola Farmer's Market,,,"The Millpond, Cascade st",osceola,Polk,Wisconsin,54020,06/07/2013 to 10/18/2013,Fri: 2:00 PM-6:00 PM;,-92.705212,45.319565,Local government building grounds,Y,Y,Y,N,Y,Y,Y,N,Y,Y,Y,Y,Y,N,N,N,Y,N,Y,Y,N,N,N,N,Y,N,N,N,N,N,N
1010796,Oshkosh Farmers Market - Downtown,http://www.OSFMI.com,Oshkosh Farmers Markets, 400 & 500 Blocks N Main St & 100 Block Church Ave,Oshkosh,Winnebago,Wisconsin,,06/03/2017 to 10/28/2017,Sat: 8:00 AM-12:30 PM;,-88.537813,44.019988,,Y,Y,Y,Y,Y,Y,Y,Y,Y,Y,Y,Y,Y,Y,N,N,Y,Y,Y,Y,N,N,Y,N,Y,N,N,Y,N,N,N
1018199,Oshkosh Farmers Market - Winter,,,108 W New York Ave,Oshkosh,Winnebago,Wisconsin,54901,11/04/2017 to 04/28/2018,Sat: 9:00 AM-12:30 PM;,-88.540012,44.0329945,,Y,Y,Y,Y,Y,N,Y,Y,Y,Y,Y,Y,Y,Y,N,N,N,Y,Y,Y,N,N,Y,N,Y,N,N,Y,N,N,N
1004994,Owen Farmers Market,http://www.clark-cty-wi.org,,"Old School, Highway X",Owen,Clark,Wisconsin,54498,June to October,Sat:8:00 AM - 12:00 PM;,-90.5632,44.9479,Other,N,Y,Y,Y,N,Y,Y,N,Y,Y,Y,Y,Y,Y,Y,N,Y,N,Y,N,N,N,N,N,N,N,N,N,N,N,N
1011154,Peach St. Farmers Market,,www.facebook.com/PeachSt.FarmersMarket,2031 Peach St.,Wisconsin Rapids,Wood,Wisconsin,54494,06/21/2016 to 08/30/2016,Tue: 7:00 AM-2:00 PM;,-89.800174,44.387613,,Y,-,Y,N,N,Y,Y,N,Y,Y,Y,Y,Y,N,N,N,Y,Y,Y,N,N,N,N,N,Y,N,N,Y,N,N,N
1001889,Phillip's Farmers Market,,,Off Hwy 13 in the lot just north of Copps,Phillips,Price,Wisconsin,54555,05/31/2014 to 10/18/2014,Sun: 9:00 AM-12:00 PM;,-90.3958,45.68755,Private business parking lot,N,-,N,N,Y,Y,N,N,Y,Y,Y,Y,Y,N,N,N,Y,N,N,Y,Y,N,Y,N,Y,N,N,N,N,N,N
1003184,PITTSVILLE FARMERS MARKET,,,,PITTSVILLE,Wood,Wisconsin,,,,-90.131,44.4424,,N,-,N,N,N,N,N,N,N,N,N,N,N,N,N,N,N,N,N,N,N,N,N,N,N,N,N,N,N,N,N
1001322,Platteville Farmers Market I,,,Platteville City Park (across from City Hal),Platteville,Grant,Wisconsin,53818,,,-90.4815,42.7395,,N,-,N,N,N,N,N,N,N,N,N,N,N,N,N,N,N,N,N,N,N,N,N,N,N,N,N,N,N,N,N
1007315,Platteville Farmers Market II,,,Millenium Theater,Platteville,Grant,Wisconsin,53818,,,-90.441,42.7332,,N,-,N,N,N,N,N,N,N,N,N,N,N,N,N,N,N,N,N,N,N,N,N,N,N,N,N,N,N,N,N
1003065,Plymouth Farmers Market,http://www.sheboygancountyinterfaith.org,,1500 Douglas Drive,Plymouth,Sheboygan,Wisconsin,53075,June to October,Tue:12:30 PM - 6:30 PM;,-87.9616889,43.7526033,Other,N,-,N,N,N,N,N,N,N,Y,N,N,N,N,N,N,N,N,N,N,N,N,N,N,N,N,N,N,N,N,N
1000674,Port Wing Farmers Market,,,,Port Wing,Bayfield,Wisconsin,54865,,,-91.383,46.78,,N,-,N,N,N,N,N,N,N,N,N,N,N,N,N,N,N,N,N,N,N,N,N,N,N,N,N,N,N,N,N
1001632,Portage WI Farmers Market,,,Corner of Hwy 16 and Hwy 33,Portage,Columbia,Wisconsin,53901,May to October,Thu:12:00 PM - 6:00 PM;,-89.461376,43.5394299,Other,N,Y,Y,N,Y,Y,N,N,Y,Y,Y,Y,N,Y,Y,N,Y,Y,Y,Y,N,N,N,N,N,N,N,N,N,N,N
1002922,Poynette Area Farmers Market,,https://www.facebook.com/pages/Poynette-Area-Farmers-Market/125612187478803,South Main Street,Poynette,Columbia,Wisconsin,53955,05/10/2014 to 09/27/2014,Sat: 8:00 AM-11:00 AM;,-89.40309,43.389924,Local government building grounds,N,-,Y,N,Y,Y,N,N,Y,Y,Y,Y,N,N,N,N,Y,N,N,Y,N,N,N,N,Y,N,N,N,N,N,Y
1012648,Prairie Street Farmers Market,,Prairie Street Farmers Market,312 W Blackhawk. Ave,Prairie du Chien ,Crawford,Wisconsin,53821,05/07/2016 to 10/15/2016,Sat: 8:00 AM-1:00 PM;,-91.149952,43.05166,,Y,-,Y,N,N,Y,Y,N,Y,Y,Y,Y,Y,Y,N,Y,Y,Y,N,Y,N,N,Y,N,Y,N,Y,N,N,N,N
1010239,Princeton's Farm to Fork Farmer's Market,,,"400 S. Fulton St., Hwy 23/73",Princeton ,Green Lake,Wisconsin,54968,05/21/2014 to 10/15/2014,Wed: 2:00 PM-6:00 PM;,-89.124066,43.846902,Other,N,-,Y,Y,N,Y,Y,Y,Y,Y,Y,Y,Y,Y,N,Y,Y,Y,N,Y,Y,N,N,Y,Y,Y,Y,Y,N,N,N
1007199,Racines Farmers Market,,,Durand Ave.,Elmwood Plaza Racine,Racine,Wisconsin,,,,-87.823,42.6964,,N,-,N,N,N,N,N,N,N,N,N,N,N,N,N,N,N,N,N,N,N,N,N,N,N,N,N,N,N,N,N
1000712,Reedsburg Area Medical Center Farmer's Markets,http://www.ramchealth.com,,2000 North Dewey Avenue,Reedsburg,Sauk,Wisconsin,53959,05/01/2015 to 10/30/2015,Fri: 11:00 AM-2:00 PM;,-89.993406,43.549612,,Y,-,Y,Y,N,Y,Y,Y,Y,Y,Y,Y,Y,Y,N,Y,Y,Y,Y,Y,Y,N,Y,Y,Y,Y,Y,Y,Y,Y,N
1000427,Rice Lake Farmers Market,,,N. Main Street,Rice Lake,Barron,Wisconsin,54868,,,-91.7334,45.5013,,N,-,N,N,N,N,N,N,N,N,N,N,N,N,N,N,N,N,N,N,N,N,N,N,N,N,N,N,N,N,N
1003425,Richland Area Farmers Market - Court House,http://www.richlandareafarmersmarket.org,https://www.facebook.com/pages/RICHLAND-AREA-FARMERS-MARKET/10150099096045319,Richland County Court House 181 W. Seminary Street,Richland Center,Richland,Wisconsin,53581,05/02/2015 to 10/10/2015,Wed: 3:00 PM-5:30 PM;Sat: 7:30 AM-12:00 PM;,-90.385608,43.33453,,Y,Y,Y,N,Y,Y,Y,N,Y,Y,Y,Y,Y,N,N,Y,Y,N,N,Y,N,N,Y,N,Y,N,N,Y,N,N,N
1010020,Richland Area Farmers Market - S. Main St.,http://www. richlandareafarmersmarket.org,https://www.facebook.com/pages/RICHLAND-AREA-FARMERS-MARKET/10150099096045319,391 S. Main St.,Richland Center ,Richland,Wisconsin,53581,05/07/2014 to 10/08/2014,Wed: 3:00 PM-5:30 PM;,-90.3866921,43.3329407,"Faith-based institution (e.g., church, mosque, synagogue, temple)",N,Y,Y,N,N,Y,N,N,N,N,Y,Y,Y,N,N,N,Y,N,N,Y,N,N,Y,N,N,N,N,N,N,N,N
1004290,River District Marketplace,,,,Wausau,Marathon,Wisconsin,54403,,,-92.6256,44.856,,N,-,N,N,N,N,N,N,N,N,N,N,N,N,N,N,N,N,N,N,N,N,N,N,N,N,N,N,N,N,N
1001726,River Falls Farmers' Market,,,1121 S. Main St.,River Falls,Pierce,Wisconsin,54022,06/01/2016 to 10/31/2016,Tue: 3:00 PM-6:00 PM;Sat: 8:00 AM-12:00 PM;,-92.630242,44.845941,,Y,Y,Y,Y,N,Y,Y,N,Y,Y,Y,Y,Y,Y,N,N,Y,N,Y,Y,Y,N,N,N,Y,N,N,N,N,N,N
1006804,Riverwest Gardeners Market,http://www.riverwestmarket.com,https://www.facebook.com/RiverwestMarket,821 E Locust,Milwaukee,Milwaukee,Wisconsin,53212,06/14/2015 to 10/25/2015,Sun: 10:00 AM-4:00 PM;,-87.9007,43.0709,,Y,-,Y,Y,Y,Y,Y,N,Y,Y,Y,Y,N,Y,N,N,Y,Y,N,Y,N,N,N,N,Y,N,N,N,N,N,N
1005288,Rock County Farmers Market,,https://www.facebook.com/pages/Rock-County-Farmers-Market/184875574898182,,Janesville,Rock,Wisconsin,,,,-89.0994,42.6776,,N,-,N,N,N,N,N,N,N,N,N,N,N,N,N,N,N,N,N,N,N,N,N,N,N,N,N,N,N,N,N
1012514,Rome Farmers Market,,Www.facebook.com/romefarmersmarket,Geneva Tr and Snowpass,New Rome,Adams,Wisconsin,54457,05/27/2016 to 09/30/2016,Fri: 8:00 AM-1:00 PM;,-89.810538,44.21722,,Y,N,Y,Y,Y,Y,Y,Y,Y,N,Y,Y,Y,N,N,N,Y,Y,Y,Y,Y,N,N,N,N,N,N,N,Y,N,N
1003915,Rusk County Farmers Market,,,US Highway 8 & W. 4th Street,Ladysmith,Rusk,Wisconsin,54848,06/13/2015 to 10/31/2015,Wed: 12:00 PM-4:00 PM;Sat: 8:30 AM-12:00 PM;,-91.105,45.465,,Y,Y,Y,Y,Y,Y,Y,N,Y,Y,Y,Y,Y,Y,N,N,Y,Y,N,Y,N,N,N,N,Y,N,N,N,N,N,N
1005425,sauk city farmers market,,,612 water st,sauk city,Sauk,Wisconsin,53583,,,-89.7195,43.2738,,N,-,N,N,N,N,N,N,N,N,N,N,N,N,N,N,N,N,N,N,N,N,N,N,N,N,N,N,N,N,N
1006544,Sauk County Farmers Market at Reedsburg,,,City Park,Reedsburg,Sauk,Wisconsin,53959,,,-90.0024,43.5329,,N,-,N,N,N,N,N,N,N,N,N,N,N,N,N,N,N,N,N,N,N,N,N,N,N,N,N,N,N,N,N
1010108,Sauk Prairie Farmers Market,http://business.saukprairie.com/list/member/sauk-prairie-farmers-market-prairie-du-sac-1635,https://www.facebook.com/pages/Sauk-Prairie-Farmers-Market/102164173157230,,Prairie du Sac,Sauk,Wisconsin,,,,-89.729784,43.285309,,Y,-,N,N,N,N,N,N,N,N,N,N,N,N,N,N,N,N,N,N,N,N,N,N,N,N,N,N,N,N,N
1005028,Seymour Farmers Market,,,N Main St & Depot St,Seymour,Outagamie,Wisconsin,54165,,,-88.3303,44.5124,,N,-,N,N,N,N,N,N,N,N,N,N,N,N,N,N,N,N,N,N,N,N,N,N,N,N,N,N,N,N,N
1003435,Shawano Farmers Market,http://www.shawanofarmersmarket.org,,127 S Sawyer St,Shawano,Shawano,Wisconsin,54166,June to October,Sat:8:00 AM - 12:00 PM;,-88.60757,44.78119,Local government building grounds,N,N,Y,Y,Y,Y,N,Y,Y,Y,Y,Y,Y,Y,Y,N,Y,N,Y,Y,Y,N,N,N,N,N,N,N,N,N,N
1003066,Sheboygan Farmers Market,http://www.sheboygancountyinterfaith.org,,Fountain Park,Sheboygan,Sheboygan,Wisconsin,53081,June to October,Wed:7:00 AM - 2:00 PM;Sat:7:00 AM - 2:00 PM;,-87.71326,43.75616,Other,N,-,Y,Y,N,Y,Y,N,Y,Y,Y,Y,Y,Y,Y,N,Y,Y,Y,Y,N,N,N,N,N,N,N,N,N,N,N
1012179,Shorewood Farmers Market,http://www.shorewoodfarmersmarket.com/,https://www.facebook.com/shorewoodfarmersmarket/,1600 E. Lake Bluff Blvd,Shorewood,Milwaukee,Wisconsin,53211,06/19/2016 to 10/23/2016,Sun: 9:30 AM-1:00 PM;,-87.890488,43.096929,,Y,Y,Y,Y,N,Y,Y,Y,Y,Y,Y,Y,Y,Y,N,N,Y,Y,Y,Y,N,N,Y,N,Y,N,Y,Y,N,N,Y
1002580,SOLON FARMERS MARKET,,, Bus. Hwy. 53 and Main St.,Solon Springs,Douglas,Wisconsin,,,,-91.836,46.3485,,N,-,N,N,N,N,N,N,N,N,N,N,N,N,N,N,N,N,N,N,N,N,N,N,N,N,N,N,N,N,N
1002579,Solon Springs Family Fun Days Farmers' Market,,,Bus. Hwy. 53,Solon Springs,Douglas,Wisconsin,54873,January to December,Fri:10:00 AM - 4:00 PM;,-91.8224113,46.3532743,Local government building grounds,N,N,Y,N,Y,Y,Y,N,Y,Y,Y,Y,Y,N,Y,N,Y,N,N,Y,N,N,N,N,N,N,N,N,N,N,N
1007290,South Madison Farmers Market,,https://www.facebook.com/pages/Route-66-Farmers-Market-St-Clair/114351778639792,1601 Park St,Madison,Dane,Wisconsin,,May to October,Tue:2:00 PM - 6:00 PM;sun:11:00 AM - 3:00 PM;,-89.3940207,43.0499927,Private business parking lot,Y,-,Y,Y,N,Y,N,Y,Y,Y,Y,N,N,Y,Y,N,N,Y,N,Y,N,N,N,N,N,N,N,N,N,N,N
1007291,South Madison Farmers Market,http://www.southmadisonfarmersmarket.com,,2520 Rimrock Rd,Madison,Dane,Wisconsin,,June to October,Mon:2:00 PM - 6:00 PM;,-89.37923,43.03596,Healthcare Institution,Y,-,Y,Y,Y,Y,N,Y,Y,Y,Y,N,N,Y,Y,N,N,Y,N,N,N,N,N,N,N,N,N,N,N,N,N
1010445,South Milwaukee Downtown Market,http://www.smmarket.org,https://www.facebook.com/smdowntownmarket,11th and Milwaukee Avenues,South Milwaukee ,Milwaukee,Wisconsin,53172,05/08/2014 to 10/09/2014,Thu: 3:00 PM-7:00 PM;,-87.862688,42.9107287,,Y,Y,Y,Y,Y,Y,Y,N,Y,Y,Y,Y,N,Y,N,N,Y,Y,Y,Y,Y,N,Y,N,Y,N,Y,N,Y,N,Y
1000009,South Shore Farmers Market,http://www.southshorefarmersmarket.com,https://www.facebook.com/pages/South-Shore-Farmers-Market/352715301468098,2900 South Shore Drive,Bay View,Milwaukee,Wisconsin,53207,06/14/2014 to 10/11/2014,Sat: 8:00 AM-12:00 PM;,-87.882514,42.994023,Local government building grounds,N,Y,Y,Y,N,Y,Y,Y,Y,Y,Y,Y,Y,Y,N,N,N,Y,Y,N,Y,N,Y,N,Y,Y,Y,Y,N,N,N
1004293,South Wayne Farmer's Market,,,Old Hwy 11,South Wayne,Lafayette,Wisconsin,,,,-89.8701,42.5692,,N,-,N,N,N,N,N,N,N,N,N,N,N,N,N,N,N,N,N,N,N,N,N,N,N,N,N,N,N,N,N
1009393,Southcentral Wisconsin Regional Harvest ,http://www.localharvest.org/southcentral-wisconsin-regional-harvest-M57070,,1711 Lodge Dr (pickup site),Janesville,,Wisconsin,53545,,,-89.0017,42.7171,,Y,-,N,N,N,N,N,N,N,N,N,N,N,N,N,N,N,N,N,N,N,N,N,N,N,N,N,N,N,N,N
1006130,Southern Price Cty Farmers Market,,,,Catawba,Price,Wisconsin,,,,-90.5294,45.5371,,N,-,N,N,N,N,N,N,N,N,N,N,N,N,N,N,N,N,N,N,N,N,N,N,N,N,N,N,N,N,N
1007292,SOUTHSIDE LABOR TEMPLE,,,1602 S. Park St.,MADISON,Dane,Wisconsin,,,,-89.3946,43.0497,,N,-,N,N,N,N,N,N,N,N,N,N,N,N,N,N,N,N,N,N,N,N,N,N,N,N,N,N,N,N,N
1007293,SOUTHWEST FARMERS MARKET,,,,MADISON,Dane,Wisconsin,,,,-89.4724,43.0365,,N,-,N,N,N,N,N,N,N,N,N,N,N,N,N,N,N,N,N,N,N,N,N,N,N,N,N,N,N,N,N
1010109,Sparta Farmer Market,http://www.travelwisconsin.com/farmers-markets/farmers-markets/sparta-farmers-market-198076,https://www.facebook.com/Spartawisconsinfarmersmarket,Downtown Main St,Sparta ,Monroe,Wisconsin,54656,05/17/2014 to 10/18/2014,Wed: 3:00 PM-6:00 PM;Sat: 8:00 AM-1:00 PM;,-90.811559,43.944671,Local government building grounds,Y,Y,Y,Y,Y,Y,Y,N,Y,Y,Y,Y,Y,N,N,N,Y,N,N,Y,N,N,N,N,Y,N,N,N,N,N,N
1009935,Sparta Wisconsin Farmers Market,,https://www.facebook.com/Spartawisconsinfarmersmarket,West Main St,Sparta,Monroe,Wisconsin,54656,05/17/2014 to 10/18/2014,Wed: 2:30 PM-;Sat: 8:00 AM-;,-90.81158,43.944393,Private business parking lot,N,-,Y,Y,Y,Y,Y,N,Y,Y,Y,Y,Y,N,N,N,N,N,N,Y,N,N,N,Y,Y,N,N,Y,N,N,N
1003605,Spooner Farmers Market,,https://www.facebook.com/pages/Spooner-Farmers-Market/153478781356672,Front at Oak Street,Spooner,Washburn,Wisconsin,54801,06/15/2013 to 10/26/2013,Sat: 8:00 AM-1:00 PM;,-91.887245,45.825181,Local government building grounds,N,N,Y,N,Y,Y,N,N,Y,Y,Y,Y,N,N,N,N,Y,N,N,N,N,N,N,N,Y,N,N,N,N,N,N
1016772,St. Ann Center Indoor Market ,http://stanncenter.org/event/indoor-market/,https://www.facebook.com/sacfm/,2801 E. Morgan Ave.,Milwaukee,Milwaukee,Wisconsin,53207,11/12/2016 to 04/29/2017,Sat: 9:00 AM-1:00 PM;,-87.874286,42.9801511,,Y,-,Y,N,Y,N,N,N,N,Y,Y,Y,N,N,N,N,N,N,Y,Y,N,N,Y,N,Y,N,Y,Y,N,N,N
1010929,St. Croix Falls Farmers Market,http://stcroixfallsfarmersmarket.org,https://www.facebook.com/pages/St-Croix-Falls-Farmers-Market/116196688392148,230 South Washington Street,St. Croix Falls,Polk,Wisconsin,54024,06/06/2015 to 10/03/2015,Sat: 10:00 AM-1:00 PM;,-92.64453,45.407667,,Y,-,Y,N,N,Y,N,N,Y,Y,Y,Y,Y,Y,N,N,Y,N,N,Y,N,N,N,N,Y,N,N,N,N,N,Y
1004260,STANLEY FARMERS MARKET,,,,STANLEY,Chippewa,Wisconsin,,,,-90.9366,44.9598,,N,-,N,N,N,N,N,N,N,N,N,N,N,N,N,N,N,N,N,N,N,N,N,N,N,N,N,N,N,N,N
1002656,Stevens Point Farmers Market,http://www.stevenspointfarmersmarket.org,," At intersection of Main St, and 2nd Street",Stevens Point,Portage,Wisconsin,54481,05/01/2013 to 10/31/2013,Mon: 7:00 AM-8:00 PM;Tue: 7:00 AM-4:00 PM;Wed: 7:00 AM-4:00 PM;Thu: 7:00 AM-4:00 PM;Fri: 7:00 AM-4:00 PM;Sat: 7:00 AM-4:00 PM;,-89.585824,44.523376,Other,Y,Y,Y,N,Y,Y,Y,N,Y,Y,Y,Y,Y,Y,N,Y,Y,Y,Y,Y,N,N,Y,Y,Y,N,N,N,N,N,Y
1002790,Stoughton Farmers Market,,,1050 W. Main Street,Stoughton,Dane,Wisconsin,53589,,,-89.2358,42.9172,,N,-,N,N,N,N,N,N,N,N,N,N,N,N,N,N,N,N,N,N,N,N,N,N,N,N,N,N,N,N,N
1001221,Stratford Farmers Market,http://www.StratfordFarmersMarket.com,https://www.facebook.com/StratfordFarmersMarket,402 S Weber Ave,Stratford,Marathon,Wisconsin,54484,07/09/2014 to 09/10/2014,Wed: 4:00 PM-7:00 PM;,-90.078915,44.796896,,Y,Y,Y,Y,N,Y,Y,N,Y,Y,Y,Y,Y,Y,N,N,Y,Y,N,N,N,N,N,N,Y,Y,N,N,N,N,N
1003436,Sturgeon Bay Farm and Craft Market,http://www.sturgeonbaywi.org,,421 Michigan Street,Sturgeon Bay,Door,Wisconsin,54235,06/01/2014 to 10/31/2014,Sat: 8:30 AM-12:00 PM;,-87.375201,44.83425,Local government building grounds,N,Y,Y,Y,Y,Y,Y,Y,Y,Y,Y,Y,Y,Y,N,N,Y,N,Y,Y,Y,N,N,N,Y,N,N,N,N,N,N
1009557,Sugar Ridge Ranch ,http://www.shop.sugarridgeranch.com/,https://www.facebook.com/pages/Sugar-Ridge-Ranch-Registered-Shropshire-Sheep-Country-Store/197163950318570?ref=br_tf,E8977 Pierce Hill Rd,Viroqua,,Wisconsin,54665,,,-90.8002,43.5637,,Y,-,N,N,N,N,N,N,N,N,N,N,N,N,N,N,N,N,N,N,N,N,N,N,N,N,N,N,N,N,N
1001761,SUGAR RIVER FARMERS MARKET,,,,MONTICELLO,Green,Wisconsin,,,,-89.5955,42.7453,,N,-,N,N,N,N,N,N,N,N,N,N,N,N,N,N,N,N,N,N,N,N,N,N,N,N,N,N,N,N,N
1011691,Sun Prairie Indoor Winter Farmers Market,http://www.sunprairiefarmersmarket.com,https://www.facebook.com/SunPrairieFarmersMarket,301 Blankenheim Lane,Sun Prairie,Dane,Wisconsin,53590,11/05/2016 to 04/29/2017,Sat: 9:00 AM-1:00 PM;,-89.205091,43.183119,,Y,Y,Y,Y,Y,N,Y,Y,Y,N,Y,Y,Y,Y,N,Y,N,Y,N,Y,N,N,Y,Y,N,N,N,Y,Y,N,N
1001218,Sun Prairie Outdoor Summer Farmers Market,http://www.sunprairiefarmersmarket.com/,https://www.facebook.com/SunPrairieFarmersMarket,300 East Main Street,Sun Prairie,Dane,Wisconsin,53590,05/07/2016 to 10/29/2016,Sat: 7:00 AM-12:00 PM;,-89.210368,43.183411,,Y,-,Y,Y,Y,Y,Y,Y,Y,Y,Y,Y,Y,Y,N,Y,Y,Y,N,Y,N,N,Y,N,Y,N,Y,Y,Y,N,N
1005429,Superior Downtown Farmers' Market,http://www.superiordowntownfarmersmarket.com,https://www.facebook.com/pages/Superior-Downtown-Farmers-Market/168331959891730,1530 Tower Ave.,Superior,Douglas,Wisconsin,54880,06/03/2015 to 10/28/2015,Wed: 11:00 AM-2:00 PM;,-92.1039,46.72023,,Y,-,Y,N,Y,Y,Y,Y,Y,Y,Y,Y,Y,Y,N,N,Y,Y,Y,Y,Y,N,N,N,Y,N,Y,N,N,N,N
1018180,Superior Downtown Farmers' Market,,Superior Downtown Farmers' Market,1215 Banks Ave.,Superior ,Douglas,Wisconsin,54880,05/31/2017 to 10/25/2017,Wed: 11:00 AM-2:00 PM;,-92.1054505,46.7236347,,Y,-,Y,N,Y,Y,Y,N,Y,Y,N,Y,Y,Y,N,N,Y,Y,Y,Y,Y,N,Y,N,Y,N,Y,Y,N,N,N
1018642,Sustain Greenville Farmer's Market,http://www.sustaingreenville.org,sustaingreenvillefarmer'smarket@sustain.greenville.market,,Greenville,Outagamie,Wisconsin,54942,05/31/2017 to 10/18/2017,Wed: 3:00 PM-7:00 PM;,-88.537268,44.302935,,Y,Y,Y,Y,Y,Y,Y,N,Y,Y,Y,Y,Y,Y,N,N,Y,Y,Y,Y,N,N,N,N,Y,N,N,N,N,N,N
1007214,Taylor Town Square Farmers Market,,,Town Square,Taylor,Jackson County,Wisconsin,,,,-91.1223,44.3242,,N,-,N,N,N,N,N,N,N,N,N,N,N,N,N,N,N,N,N,N,N,N,N,N,N,N,N,N,N,N,N
1012633,The Madison Farmer's Market Inc.,http://Www.themadisonfarmersmarket.org,The Madison farmers market,4 E. Mifflin St.,Madison,Dane,Wisconsin,53703,04/17/2016 to 11/06/2016,Sun: 8:00 AM-2:00 PM;,-89.382937,43.075298,,Y,-,Y,Y,N,Y,Y,N,Y,Y,Y,Y,Y,Y,N,N,N,N,Y,Y,N,N,Y,Y,Y,Y,N,N,N,N,N
1018422,The Market at Town Square - Summer,http://greenlakerenewal.org/greenlakekitchens-get-fresh-dates/,,492 Hill St.,Green Lake,Green Lake,Wisconsin,54941,05/26/2017 to 09/29/2017,Fri: 3:00 PM-6:30 PM;,-88.960382,43.845375,,Y,Y,Y,N,Y,Y,Y,N,Y,Y,Y,Y,Y,Y,N,N,Y,N,Y,Y,N,N,N,Y,Y,N,Y,Y,N,N,N
1006754,The Market on Strongs,http://www.themarketonstrongs.com,https://www.facebook.com/pages/The-Market-on-Strongs/246306578736424,1332 Strongs Avenue,Stevens Point,Portage,Wisconsin,54481,01/01/2014 to 12/31/2014,Wed: 10:00 AM-7:00 PM;Fri: 11:00 AM-6:00 PM;Sat: 9:00 AM-2:00 PM;,-89.58246,44.52305,Other,Y,Y,Y,Y,Y,N,Y,N,Y,Y,Y,Y,Y,Y,N,Y,Y,Y,N,Y,N,Y,Y,Y,Y,Y,Y,Y,N,N,N
1008345,Thiensville Village Market,http://www.village.thiensville.wi.us/index.aspx?nid=373,https://www.facebook.com/pages/Thiensville-Farmers-Market/628241020526072,250 Elm St,Thiensville,Ozaukee,Wisconsin,53092,06/11/2013 to 10/29/2013,Tue: 8:00 AM-7:00 PM;,-87.978892,43.23184,Local government building grounds,Y,Y,Y,Y,Y,Y,Y,Y,Y,Y,Y,Y,N,Y,N,N,Y,Y,Y,Y,Y,Y,N,N,Y,N,N,N,N,N,N
1004600,Thorp Farmer's Market,,,320 E Stanley St.,Thorp,Clark,Wisconsin,54771,May to October,Wed:12:00 PM - 5:00 PM;,-90.79829,44.958998,Local government building grounds,N,-,Y,N,Y,Y,N,N,Y,Y,Y,Y,Y,N,Y,N,Y,N,N,Y,Y,N,N,N,N,N,N,N,N,N,N
1007370,Tomah Area Farmers Market Association,http://www.tomahareafarmersmarket.org,,Holton,Tomah,Monroe,Wisconsin,54660,January to December,Wed:12:00 pm - 5:00 pm;,-90.504,43.974,Local government building grounds,N,-,Y,N,N,Y,N,N,Y,Y,Y,Y,Y,N,N,N,Y,N,N,N,N,N,N,N,N,N,N,N,N,N,N
1003076,Tomahawk Main Street Farmers' Market,http://www.tomahawkmainstreet.org,,North 3rd Street,Tomahawk,Lincoln,Wisconsin,54487,06/03/2014 to 10/07/2014,Tue: 9:00 AM-1:00 PM;,-89.730749,45.471147,Closed-off public street,Y,-,Y,N,Y,Y,Y,N,Y,Y,Y,Y,Y,N,N,N,Y,Y,N,Y,N,N,N,N,Y,N,N,Y,N,N,N
1003812,"Tomahawk, Wisconsin Original Farmers' Market",,,Washington Park between 4th and 5th Streets,Tomahawk,Lincoln,Wisconsin,54487,June to October,Thu:7:30 am - 1:00 pm;,-89.7285,45.4714,Local government building grounds,N,N,Y,N,N,Y,N,N,Y,Y,Y,Y,Y,Y,N,N,Y,N,Y,N,N,N,N,N,N,N,N,N,N,N,N
1010784,Tosa Farmers Market,http://www.tosafarmersmarket.com,https://www.facebook.com/TosaFarmersMarket,7720 N. Harwood Ave,Wauwatosa,Milwaukee,Wisconsin,53213,06/04/2016 to 10/15/2016,Sat: 8:00 AM-12:00 PM;,-88.00857,43.048852,,Y,Y,Y,Y,Y,Y,Y,Y,N,Y,Y,Y,Y,Y,N,N,N,Y,Y,Y,Y,N,Y,N,Y,Y,N,Y,N,N,N
1011717,Turkey Ridge Organic Orchard- on farm Farm Market,,Turkey Ridge Organic Orchard,50350 Turkey Ridge Rd,Gays Mills,Crawford,Wisconsin,54631,06/01/2016 to 07/17/2016,,-90.873029,43.348895,,Y,Y,Y,N,N,N,N,N,N,Y,N,Y,Y,Y,N,N,N,N,N,N,N,N,N,N,Y,N,Y,N,N,N,Y
1006486,Turtle Lake Farmer's Market,http://www.villageofturtlelake.com/farmers_market.htm,,608 hwy 8,Turtle Lake,Barron,Wisconsin,54889,,,-92.153707,45.395105,Private business parking lot,Y,N,Y,N,Y,Y,N,N,Y,Y,Y,Y,Y,Y,Y,N,Y,N,Y,N,N,N,N,N,N,N,N,N,N,N,N
1006169,Two Rivers Farmers/Crafter Market,http://www.tworiversmainstreet.com,,1710 W Park St.,Two Rivers,Manitowoc,Wisconsin,54241,,,-87.568588,44.149219,Other,N,-,N,N,N,N,Y,N,N,N,N,N,N,N,N,N,N,N,N,N,N,N,N,N,N,N,N,N,N,N,N
1005189,UCC Cable Farmers Market,,,,Cable,Bayfield,Wisconsin,,,,-91.254,46.2509,,N,-,N,N,N,N,N,N,N,N,N,N,N,N,N,N,N,N,N,N,N,N,N,N,N,N,N,N,N,N,N
1009375,Upper Northwoods Farmers Market ,http://www.livingfaithchurchwi.org/ministries/farmers-market/,,1237 Wisconsin 40,Exeland,,Wisconsin,54835,,,-91.2154,45.6804,,Y,-,N,N,N,N,N,N,N,N,N,N,N,N,N,N,N,N,N,N,N,N,N,N,N,N,N,N,N,N,N
1005712,Verona Farmers' Market,http://www.veronafarmersmarket.com/,https://www.facebook.com/pages/Copiah-County-Farmers-Market/430372066986060,306 S. Main St,Verona,Dane,Wisconsin,53593,05/07/2013 to 10/07/2013,Tue: 3:00 PM-7:00 PM;,-89.5339,42.9875,Local government building grounds,N,-,Y,N,N,Y,Y,N,N,Y,Y,Y,Y,Y,N,N,N,Y,Y,Y,N,N,N,N,Y,N,N,N,N,N,N
1005362,VFW - WEST BEND - Saturday,,,260 Sand Dr.,WEST BEND,Washington,Wisconsin,,,,-88.1573,43.4048,,N,-,N,N,N,N,N,N,N,N,N,N,N,N,N,N,N,N,N,N,N,N,N,N,N,N,N,N,N,N,N
1006132,Village of Denmark Farmers Market,http://www.denmark-wi.org/,,100 Railroad Avenue,Denmark,Brown,Wisconsin,54208,,,-87.829,44.3492,,N,-,N,N,N,N,N,N,N,N,N,N,N,N,N,N,N,N,N,N,N,N,N,N,N,N,N,N,N,N,N
1003259,Village of Star Prairie Farmers Market,,,2050 Hwy 65,New Richmond,St. Croix,Wisconsin,54017,06/01/2011 to 10/31/2011,,-92.5289,45.1587,Private business parking lot,N,-,N,N,N,N,N,N,N,N,N,N,N,N,N,N,N,N,N,N,N,N,N,N,N,N,N,N,N,N,N
1004560,Village of Weston Farmers Market,http://westonwi.gov/305/Farmers-Market,https://www.facebook.com/pages/Village-of-Weston-WI-Farmers-Market/357838462536,5500 Schofield Avenue,Weston,Marathon,Wisconsin,54476,05/03/2014 to 10/25/2014,Tue: 8:00 AM-2:00 PM;Sat: 8:00 AM-2:00 PM;,-89.55329,44.90552,Local government building grounds,Y,-,Y,Y,Y,Y,N,Y,N,Y,Y,Y,Y,Y,N,N,Y,Y,Y,Y,N,N,N,N,Y,N,N,N,Y,N,N
1012447,Viroqua Farmers'  MARKET-Saturday,http://viroqua-wisconsin.com/farmersmarket,Viroqua Farmers Market,210 Fairgrounds Road,Viroqua ,Vernon,Wisconsin,54665,05/01/2016 to 11/01/2016,Sat: 8:00 AM-12:00 PM;,-90.8864999,43.5659569,,Y,Y,Y,N,Y,Y,Y,N,Y,Y,Y,Y,Y,Y,N,Y,Y,N,Y,Y,Y,N,Y,Y,Y,N,N,Y,N,N,Y
1012448,Viroqua Farmers' Market-Wednesday,http://viroqua-wisconsin.com/farmersmarket,Viroqua Farmers Market,210 South Main St.,Viroqua ,Vernon,Wisconsin,54665,05/01/2016 to 09/01/2016,Wed: 3:00 PM-7:00 PM;,-90.8893274,43.5548818,,Y,Y,Y,N,Y,Y,Y,N,Y,Y,Y,Y,Y,Y,N,Y,Y,N,N,Y,Y,N,N,Y,Y,N,N,Y,N,N,Y
1009377,Vliet Street Green Market ,,https://www.facebook.com/pages/Vliet-Street-Community-Green-Market/105377359498120,4420 W Vliet Street, Milwaukee,,Wisconsin,53208,,,-87.9695,43.0489,,Y,-,N,N,N,N,N,N,N,N,N,N,N,N,N,N,N,N,N,N,N,N,N,N,N,N,N,N,N,N,N
1002913,Waldo Farmer's Market,,Waldo Farmer's Market https://www.facebook.com/pages/Waldo-Farmers-Market/120803314706798,308 First St.,Waldo,Sheboygan,Wisconsin,53093,01/05/2013 to 05/04/2013,Sat: 1:00 PM-4:00 PM;,-87.9449,43.675,Local government building grounds,N,N,Y,Y,Y,Y,Y,N,Y,Y,Y,Y,Y,Y,N,N,Y,N,Y,Y,Y,N,N,N,Y,N,N,N,N,N,N
1008609,Walker Square Farmers' Market,,https://www.facebook.com/pages/Walker-Square-Farmers-Market/173790679298514,Btw 9th & 10th and Mineral & Washington Streets,Milwaukee,Milwaukee,Wisconsin,53204,06/19/2016 to 10/30/2016,Thu: 7:00 AM-3:00 PM;Sun: 7:00 AM-3:00 PM;,-87.923223,43.020671,,Y,-,N,N,N,Y,Y,N,Y,N,N,Y,N,N,N,N,Y,N,Y,N,N,N,N,Y,Y,N,N,N,N,N,N
1004502,Walworth County Farmers Market,,,Elkhorn Town Square,Elkhorn,Walworth,Wisconsin,53121,,,-88.5412,42.6719,,N,-,N,N,N,N,N,N,N,N,N,N,N,N,N,N,N,N,N,N,N,N,N,N,N,N,N,N,N,N,N
1010583,Washburn Farmers Market,http://washburnfarmersmar.wix.com/washburnfarmmarket,https://www.facebook.com/WashburnFarmersMarket,509 W Bayfield St,Washburn,Bayfield,Wisconsin,54891,06/11/2014 to 10/08/2014,Wed: 3:00 PM-7:00 PM;,-90.900932,46.670732,,Y,-,N,N,Y,Y,Y,N,Y,Y,Y,Y,N,Y,N,N,N,Y,N,Y,N,N,N,N,Y,N,Y,Y,N,N,Y
1004434,Waterloo Farmers' Market in the Park,,www.facebook.com/WaterlooFarmMarket,500 N Park Ave,Waterloo,Jefferson,Wisconsin,53594,05/16/2013 to 10/31/2013,Thu: 3:00 PM-7:00 PM;,-88.984601,43.190401,Local government building grounds,N,-,Y,N,Y,Y,N,N,Y,Y,N,Y,N,N,N,N,N,N,N,N,N,N,N,N,Y,N,N,N,N,N,N
1002416,WATERTOWN FARMERS MARKET,http://www.watertownchamber.com,https://www.facebook.com/watertownfarmersmarket,815 Labaree St.,WATERTOWN,Dodge,Wisconsin,53094,05/06/2014 to 11/11/2014,Tue: 7:00 AM-12:00 PM;,-88.711438,43.200044,Other,Y,N,Y,Y,Y,Y,N,N,Y,Y,Y,Y,Y,Y,N,Y,Y,N,Y,Y,Y,N,Y,N,Y,N,N,N,N,N,Y
1009701,Watertown Farmers Market - Thursday,http://www.watertownchamber.com,https://www.facebook.com/watertownfarmersmarket,Emmet and South Water Street,Watertown,Jefferson,Wisconsin,53094,08/07/2014 to 10/30/2014,Thu: 3:00 PM-6:00 PM;,-88.726491,43.193779,Local government building grounds,N,N,Y,N,N,N,N,N,N,Y,Y,Y,N,Y,N,N,N,N,Y,Y,Y,N,N,N,Y,N,N,N,N,N,N
1009511,Watson Street Farmers Market,http://www.riponmainst.com/riponmainst/calendar.htm,,Watson Street,Ripon,,Wisconsin,54971,,,-88.8388,43.8402,,Y,-,N,N,N,N,N,N,N,N,N,N,N,N,N,N,N,N,N,N,N,N,N,N,N,N,N,N,N,N,N
1003226,Waukesha Farmers Market,http://www.downtownwaukesha.com/farmers-market.php,,Riverfront Plaza,Waukesha,Waukesha,Wisconsin,53186,May to October,Sat:8:00 AM - 12:00 PM;,-88.231287,43.012555,Other,N,Y,Y,Y,Y,Y,Y,N,Y,Y,Y,Y,Y,Y,Y,N,Y,Y,Y,Y,N,N,N,N,N,N,N,N,N,N,N
1000599,Waunakee Farm Market,,,Waun_A_Bowl prking lot,Waunakee,Dane,Wisconsin,53946,,,-89.4528,43.1821,,N,-,N,N,N,N,N,N,N,N,N,N,N,N,N,N,N,N,N,N,N,N,N,N,N,N,N,N,N,N,N
1009773,Waupaca Farm Market,,https://www.facebook.com/pages/Waupaca-Farm-Market/135064296518305,111 S. Main,Waupaca,Waupaca,Wisconsin,54981,05/17/2014 to 11/01/2014,Wed: 11:00 AM-5:00 PM;Sat: 9:00 AM-2:00 PM;,-89.0848662,44.3578458,Local government building grounds,N,-,Y,N,N,Y,Y,Y,Y,Y,Y,Y,Y,Y,N,N,Y,Y,Y,Y,N,N,Y,Y,Y,N,N,Y,N,N,Y
1000524,Waupun Area Farmers Market,http://www.waupunchamber.com,,503 East Spring Street,Waupun,Fond du Lac,Wisconsin,53963,05/22/2014 to 10/23/2014,Thu: 3:30 PM-6:30 PM;,-88.722663,43.64074,Local government building grounds,N,-,Y,N,Y,Y,N,N,N,Y,Y,Y,Y,N,N,N,Y,N,N,Y,N,N,N,N,Y,N,N,N,N,N,N
1008963,Wausau Farmers Market ,,https://www.facebook.com/pages/Farmers-Market-of-Wausau/126902000719592,"200 River Drive,",Wausau ,Adams,Wisconsin,,,,-89.631525,44.958044,,Y,-,N,N,N,N,N,N,N,N,N,N,N,N,N,N,N,N,N,N,N,N,N,N,N,N,N,N,N,N,N
1006752,Wausaukee Farmers Market,http://www.Wausaukee.com,,641 Main Street,Wausaukee,Marinette,Wisconsin,,,,-87.9523,45.3756,,N,-,N,N,N,N,N,N,N,N,N,N,N,N,N,N,N,N,N,N,N,N,N,N,N,N,N,N,N,N,N
1011598,West Allis Farmers Market,http://www.westalliswi.gov/farmersmarket,https://www.facebook.com/pages/West-Allis-Farmers-Market/209124019129411?sk=info&tab=overview,6501 W National Ave,West Allis,Milwaukee,Wisconsin,53214,05/03/2015 to 10/25/2015,Tue: 12:00 PM-6:00 PM;Thu: 12:00 PM-6:00 PM;Sat: 1:00 PM-6:00 PM;,-87.99376,43.014454,,Y,-,Y,Y,N,Y,Y,N,Y,Y,Y,Y,Y,Y,N,Y,Y,Y,N,Y,N,N,N,Y,Y,Y,Y,Y,N,N,Y
1002945,West Racine Farmers Market,,,3100 Washington Ave.,Racine,Racine,Wisconsin,53406,,,-87.8182,42.7173,,N,-,N,N,N,N,N,N,N,N,N,N,N,N,N,N,N,N,N,N,N,N,N,N,N,N,N,N,N,N,N
1001813,West Salem Farmers Market,,,Jefferson & Mill Streets,West Salem,La Crosse,Wisconsin,54669,,,-91.0799,43.8944,,N,-,N,N,N,N,N,N,N,N,N,N,N,N,N,N,N,N,N,N,N,N,N,N,N,N,N,N,N,N,N
1012130,WestoshaMarket ,http://WestoshaMarket.com,WestoshaMarket ,30820 111th Street,Wilmot ,Kenosha,Wisconsin,53192,07/06/2016 to 09/28/2016,Wed: 2:30 PM-6:30 PM;,-88.179523,42.517562,,Y,Y,Y,Y,Y,N,N,N,N,Y,Y,Y,N,N,N,N,N,N,N,Y,N,N,N,N,Y,N,N,N,N,N,N
1016898,Westown Farmers Market,http://www.westown.org/neighborhood-events/westown-farmers-market/,https://www.facebook.com/WestownFarmersMarket/,301 W Michigan St,Milwaukee ,Milwaukee,Wisconsin,53203,06/07/2017 to 10/25/2017,Wed: 10:00 AM-2:00 PM;,-87.915307,43.03723,,Y,-,Y,Y,N,Y,N,N,N,Y,Y,Y,N,N,N,N,N,N,Y,Y,N,N,Y,N,Y,N,Y,N,Y,N,N
1001661,Westside Community Market,http://www.westsidecommunitymarket.org,https://www.facebook.com/pages/Westside-Community-Market/141701855904054,University Ave. & Segoe Rd.,Madison,Dane,Wisconsin,53705,04/16/2016 to 11/05/2016,Sat: 7:00 AM-1:00 PM;,-89.457484,43.074188,,Y,Y,Y,Y,N,Y,Y,N,Y,Y,Y,Y,Y,Y,N,Y,Y,Y,Y,Y,Y,N,N,Y,Y,N,Y,Y,Y,N,Y
1011756,Whitewater City Market,http://www.downtownwhitewater.com,www.facebook.com/WhitewaterCityMarket,341 S. Fremont Street,Whitewater,Walworth,Wisconsin,53190,05/03/2016 to 10/25/2016,Tue: 3:30 PM-7:30 PM;,-88.731892,42.83257,,Y,Y,Y,Y,Y,Y,Y,N,Y,Y,Y,Y,Y,Y,N,Y,Y,Y,Y,Y,Y,Y,N,Y,Y,Y,Y,N,N,N,N
1000037,Whitewater Farmers Market,,, 1415West Main St.,Whitewater,Walworth,Wisconsin,53190,04/26/2014 to 11/01/2014,Sat: 8:00 AM-12:00 PM;,-88.759686,42.834469,Private business parking lot,N,-,Y,Y,Y,Y,N,N,Y,Y,Y,Y,N,N,N,N,Y,N,N,Y,Y,N,N,N,Y,N,N,N,N,N,N
1004101,Winter Farmers Market and Meal for Hope,http://www.cclpmidwest.org,, 5705 Lacy Rd.,Fitchburg,Dane,Wisconsin,,,,-89.4386,43.0003,,N,-,N,N,N,N,N,N,N,N,N,N,N,N,N,N,N,N,N,N,N,N,N,N,N,N,N,N,N,N,N
1004102,Winter Farmers Market and Meal for Hope,http://www.cclpmidwest.org,,313 East Wall St.,Janesville,Rock,Wisconsin,,,,-89.0213,42.6849,,N,-,N,N,N,N,N,N,N,N,N,N,N,N,N,N,N,N,N,N,N,N,N,N,N,N,N,N,N,N,N
1004103,Winter Farmers Market and Meal for Hope,http://www.cclpmidwest.org,,617 Everglade Dr.,Madison,Dane,Wisconsin,53717,,,-89.4983,43.075,,N,-,N,N,N,N,N,N,N,N,N,N,N,N,N,N,N,N,N,N,N,N,N,N,N,N,N,N,N,N,N
1004104,Winter Farmers Market and Meal for Hope,http://www.cclpmidwest.org,,3102 Prairie Rd.,Madison,Dane,Wisconsin,53719,,,-89.4922,43.0199,,N,-,N,N,N,N,N,N,N,N,N,N,N,N,N,N,N,N,N,N,N,N,N,N,N,N,N,N,N,N,N
1004105,Winter Farmers Market and Meal for Hope,http://www.cclpmidwest.org,, 900 University Bay Dr.,Madison,Dane,Wisconsin,,,,-89.4352,43.076,,N,-,N,N,N,N,N,N,N,N,N,N,N,N,N,N,N,N,N,N,N,N,N,N,N,N,N,N,N,N,N
1004106,Winter Farmers Market and Meal for Hope,http://www.cclpmidwest.org,,203 Wisconsin Ave.,Madison,Dane,Wisconsin,53703,,,-89.3868,43.0769,,N,-,N,N,N,N,N,N,N,N,N,N,N,N,N,N,N,N,N,N,N,N,N,N,N,N,N,N,N,N,N
1004107,Winter Farmers Market and Meal for Hope,http://www.cclpmidwest.org,, 1209 North Broadway,Milwaukee,Milwaukee,Wisconsin,,,,-87.9088,43.0459,,N,-,N,N,N,N,N,N,N,N,N,N,N,N,N,N,N,N,N,N,N,N,N,N,N,N,N,N,N,N,N
1004108,Winter Farmers Market and Meal for Hope,http://www.cclpmidwest.org,,2647 N. Stowell Ave.,Milwaukee,Milwaukee,Wisconsin,53211,,,-87.8797,43.0671,,N,-,N,N,N,N,N,N,N,N,N,N,N,N,N,N,N,N,N,N,N,N,N,N,N,N,N,N,N,N,N
1004109,Winter Farmers Market and Meal for Hope,http://www.cclpmidwest.org,,427 South Main St.,Verona,Dane,Wisconsin,,,,-89.5332,42.9841,,N,-,N,N,N,N,N,N,N,N,N,N,N,N,N,N,N,N,N,N,N,N,N,N,N,N,N,N,N,N,N
1012450,Wisconsin Dells Farmers Market,,,W15344 Waubeek Rd.,Wisconsin Dells ,Columbia,Wisconsin,53965,05/15/2016 to 10/16/2016,Sun: 9:00 AM-1:00 PM;,-89.7628883,43.6412622,,Y,N,Y,N,Y,Y,Y,Y,Y,Y,Y,Y,Y,N,N,N,Y,N,Y,N,N,N,N,N,N,N,N,Y,N,N,N
1012503,Wood County Farmers' Market,http://www.rapidsmall.com,Wood County Farmers Market,555 West Grand Ave,Wisconsin Rapids,Wood,Wisconsin,54495,05/14/2016 to 10/29/2016,Thu: 9:00 AM-3:00 PM;Sat: 8:00 AM-12:00 PM;,-89.832207,44.393812,,Y,Y,Y,Y,Y,Y,Y,Y,Y,Y,Y,Y,Y,Y,N,N,Y,Y,Y,Y,Y,N,Y,N,Y,N,Y,Y,Y,N,Y
